,date,temperature
4416,2010-06-03,11.576666666666666
4417,2010-06-03,12.783333333333331
4418,2010-06-03,11.815
4419,2010-06-03,10.18
4420,2010-06-03,9.731666666666667
4421,2010-06-03,10.281666666666666
4422,2010-06-03,13.393333333333333
4423,2010-06-03,14.176666666666668
4424,2010-06-03,15.981666666666667
4425,2010-06-03,17.998333333333335
4426,2010-06-03,19.758333333333333
4427,2010-06-03,20.55666666666667
4428,2010-06-03,20.613333333333333
4429,2010-06-03,20.49833333333333
4430,2010-06-03,20.77
4431,2010-06-03,19.901666666666667
4432,2010-06-03,19.016666666666666
4433,2010-06-03,17.671666666666667
4434,2010-06-03,16.601666666666667
4435,2010-06-03,15.191666666666668
4436,2010-06-03,14.396666666666668
4437,2010-06-03,13.660000000000002
4438,2010-06-03,12.775
4439,2010-06-03,11.785000000000002
4512,2010-06-07,10.231666666666667
4513,2010-06-07,10.491666666666664
4514,2010-06-07,10.910000000000002
4515,2010-06-07,11.152
4516,2010-06-07,10.96
4517,2010-06-07,12.031666666666666
4518,2010-06-07,13.928333333333336
4519,2010-06-07,14.37
4520,2010-06-07,16.27
4521,2010-06-07,18.406666666666663
4522,2010-06-07,19.82333333333333
4523,2010-06-07,19.28833333333333
4524,2010-06-07,18.87833333333333
4525,2010-06-07,18.0
4526,2010-06-07,17.76
4527,2010-06-07,17.578333333333333
4528,2010-06-07,17.385
4529,2010-06-07,17.368333333333336
4530,2010-06-07,16.69666666666667
4531,2010-06-07,15.308333333333332
4532,2010-06-07,13.843333333333334
4533,2010-06-07,13.495
4534,2010-06-07,13.28
4535,2010-06-07,13.705
4560,2010-06-09,12.915
4561,2010-06-09,14.005
4562,2010-06-09,14.738333333333337
4563,2010-06-09,14.506666666666668
4564,2010-06-09,14.178333333333333
4565,2010-06-09,15.505
4566,2010-06-09,15.261666666666668
4567,2010-06-09,16.155
4568,2010-06-09,16.831666666666667
4569,2010-06-09,17.776666666666667
4570,2010-06-09,18.901666666666667
4571,2010-06-09,19.741666666666667
4572,2010-06-09,20.31
4573,2010-06-09,21.3
4574,2010-06-09,20.46
4575,2010-06-09,18.17333333333333
4576,2010-06-09,16.423333333333332
4577,2010-06-09,16.736666666666668
4578,2010-06-09,16.44
4579,2010-06-09,16.128333333333334
4580,2010-06-09,16.095000000000002
4581,2010-06-09,16.028333333333332
4582,2010-06-09,16.218333333333334
4583,2010-06-09,14.978333333333332
5064,2010-06-30,14.26
5065,2010-06-30,14.125
5066,2010-06-30,13.843333333333334
5067,2010-06-30,13.97
5068,2010-06-30,13.656666666666666
5069,2010-06-30,14.623333333333331
5070,2010-06-30,18.32333333333333
5071,2010-06-30,19.63833333333333
5072,2010-06-30,20.136666666666667
5073,2010-06-30,21.581666666666667
5074,2010-06-30,23.125
5075,2010-06-30,23.808333333333334
5076,2010-06-30,23.78333333333333
5077,2010-06-30,23.44833333333333
5078,2010-06-30,23.901666666666667
5079,2010-06-30,24.225
5080,2010-06-30,24.863333333333333
5081,2010-06-30,25.15333333333333
5082,2010-06-30,23.973333333333333
5083,2010-06-30,21.69
5084,2010-06-30,18.58
5085,2010-06-30,17.898333333333333
5086,2010-06-30,18.885
5087,2010-06-30,17.98
5232,2010-07-07,13.148333333333332
5233,2010-07-07,14.108
5234,2010-07-07,15.165
5235,2010-07-07,15.085
5236,2010-07-07,14.714999999999998
5237,2010-07-07,15.531666666666666
5238,2010-07-07,17.741666666666667
5239,2010-07-07,17.875
5240,2010-07-07,19.45
5241,2010-07-07,21.006666666666664
5242,2010-07-07,22.835
5243,2010-07-07,24.19666666666667
5244,2010-07-07,24.6
5245,2010-07-07,24.326666666666668
5246,2010-07-07,24.605
5247,2010-07-07,24.51
5248,2010-07-07,23.60833333333333
5249,2010-07-07,22.465
5250,2010-07-07,22.065
5251,2010-07-07,21.42
5252,2010-07-07,20.37
5253,2010-07-07,20.115
5254,2010-07-07,19.671666666666667
5255,2010-07-07,19.113333333333333
6048,2010-08-10,14.47
6049,2010-08-10,14.363333333333337
6050,2010-08-10,13.753333333333332
6051,2010-08-10,13.623333333333331
6052,2010-08-10,13.076666666666666
6053,2010-08-10,13.1
6054,2010-08-10,15.936666666666667
6055,2010-08-10,18.245
6056,2010-08-10,19.07333333333333
6057,2010-08-10,20.15
6058,2010-08-10,21.28333333333333
6059,2010-08-10,21.22
6060,2010-08-10,21.856666666666666
6061,2010-08-10,21.521666666666665
6062,2010-08-10,20.715
6063,2010-08-10,20.981666666666666
6064,2010-08-10,20.543333333333333
6065,2010-08-10,19.561666666666667
6066,2010-08-10,18.955
6067,2010-08-10,17.618333333333336
6068,2010-08-10,16.30333333333333
6069,2010-08-10,15.651666666666666
6070,2010-08-10,15.27
6071,2010-08-10,14.741666666666667
6312,2010-08-21,16.16
6313,2010-08-21,16.25
6314,2010-08-21,17.226666666666667
6315,2010-08-21,16.575
6316,2010-08-21,15.781666666666666
6317,2010-08-21,16.098333333333333
6318,2010-08-21,17.526666666666667
6319,2010-08-21,21.655
6320,2010-08-21,23.12
6321,2010-08-21,24.35166666666667
6322,2010-08-21,27.23
6323,2010-08-21,29.593333333333334
6324,2010-08-21,29.33333333333333
6325,2010-08-21,29.44333333333333
6326,2010-08-21,29.59
6327,2010-08-21,29.59
6328,2010-08-21,29.65833333333333
6329,2010-08-21,30.785
6330,2010-08-21,22.44333333333333
6331,2010-08-21,20.641666666666666
6332,2010-08-21,20.425
6333,2010-08-21,20.21333333333333
6334,2010-08-21,20.005
6335,2010-08-21,19.73
6408,2010-08-25,14.716666666666669
6409,2010-08-25,14.575
6410,2010-08-25,14.746666666666668
6411,2010-08-25,15.021666666666668
6412,2010-08-25,16.508333333333333
6413,2010-08-25,19.42
6414,2010-08-25,20.4
6415,2010-08-25,23.183333333333334
6416,2010-08-25,24.186666666666667
6417,2010-08-25,25.13833333333333
6418,2010-08-25,26.9
6419,2010-08-25,28.525
6420,2010-08-25,29.891666666666666
6421,2010-08-25,29.245
6422,2010-08-25,29.17333333333333
6423,2010-08-25,28.96666666666667
6424,2010-08-25,29.455
6425,2010-08-25,28.35
6426,2010-08-25,26.26833333333333
6427,2010-08-25,21.615
6428,2010-08-25,20.293333333333333
6429,2010-08-25,20.155
6430,2010-08-25,19.72
6431,2010-08-25,20.016666666666666
6552,2010-08-31,14.05
6553,2010-08-31,14.45
6554,2010-08-31,14.635
6555,2010-08-31,14.556666666666668
6556,2010-08-31,13.893333333333333
6557,2010-08-31,12.761666666666663
6558,2010-08-31,14.339999999999998
6559,2010-08-31,17.268333333333334
6560,2010-08-31,18.183333333333334
6561,2010-08-31,19.05666666666667
6562,2010-08-31,20.45833333333333
6563,2010-08-31,21.84166666666667
6564,2010-08-31,23.036666666666665
6565,2010-08-31,22.97833333333333
6566,2010-08-31,22.555
6567,2010-08-31,22.066666666666663
6568,2010-08-31,21.621666666666663
6569,2010-08-31,21.345
6570,2010-08-31,20.136666666666667
6571,2010-08-31,18.826666666666668
6572,2010-08-31,18.62833333333333
6573,2010-08-31,19.155
6574,2010-08-31,17.62
6575,2010-08-31,17.386666666666667
6792,2010-09-10,13.546666666666669
6793,2010-09-10,12.125
6794,2010-09-10,12.408333333333331
6795,2010-09-10,11.568333333333332
6796,2010-09-10,11.466666666666669
6797,2010-09-10,11.296666666666669
6798,2010-09-10,12.891666666666666
6799,2010-09-10,17.19333333333333
6800,2010-09-10,17.334999999999997
6801,2010-09-10,18.005
6802,2010-09-10,20.305
6803,2010-09-10,21.545
6804,2010-09-10,22.376666666666665
6805,2010-09-10,22.4
6806,2010-09-10,22.26333333333333
6807,2010-09-10,22.5
6808,2010-09-10,22.011666666666667
6809,2010-09-10,20.21
6810,2010-09-10,18.43
6811,2010-09-10,17.548333333333336
6812,2010-09-10,17.245
6813,2010-09-10,16.436666666666667
6814,2010-09-10,14.121666666666668
6815,2010-09-10,14.238333333333337
6888,2010-09-14,13.214999999999998
6889,2010-09-14,12.596666666666666
6890,2010-09-14,11.345
6891,2010-09-14,11.8
6892,2010-09-14,12.716666666666669
6893,2010-09-14,12.6
6894,2010-09-14,13.386666666666663
6895,2010-09-14,17.82166666666667
6896,2010-09-14,19.53
6897,2010-09-14,19.488333333333333
6898,2010-09-14,20.5875
6899,2010-09-14,21.816666666666663
6900,2010-09-14,23.23333333333333
6901,2010-09-14,23.676666666666662
6902,2010-09-14,23.03
6903,2010-09-14,22.361666666666668
6904,2010-09-14,21.59166666666667
6905,2010-09-14,20.60833333333333
6906,2010-09-14,18.161666666666665
6907,2010-09-14,15.528333333333334
6908,2010-09-14,15.381666666666668
6909,2010-09-14,14.741666666666667
6910,2010-09-14,14.456666666666669
6911,2010-09-14,14.141666666666666
6936,2010-09-16,15.636666666666663
6937,2010-09-16,16.69666666666667
6938,2010-09-16,16.615
6939,2010-09-16,15.925
6940,2010-09-16,15.645
6941,2010-09-16,15.751666666666669
6942,2010-09-16,15.238333333333332
6943,2010-09-16,15.383333333333333
6944,2010-09-16,16.040000000000003
6945,2010-09-16,16.703333333333333
6946,2010-09-16,16.900000000000002
6947,2010-09-16,17.084999999999997
6948,2010-09-16,17.645
6949,2010-09-16,15.65
6950,2010-09-16,15.095
6951,2010-09-16,15.466666666666669
6952,2010-09-16,15.840000000000002
6953,2010-09-16,15.908333333333331
6954,2010-09-16,15.435
6955,2010-09-16,14.575
6956,2010-09-16,14.378333333333336
6957,2010-09-16,14.633333333333333
6958,2010-09-16,14.775
6959,2010-09-16,14.53
7008,2010-09-19,10.423333333333334
7009,2010-09-19,10.308333333333334
7010,2010-09-19,9.661666666666669
7011,2010-09-19,8.985000000000001
7012,2010-09-19,9.086666666666666
7013,2010-09-19,9.658333333333331
7014,2010-09-19,10.255
7015,2010-09-19,13.843333333333334
7016,2010-09-19,15.936666666666667
7017,2010-09-19,16.728333333333335
7018,2010-09-19,17.298333333333336
7019,2010-09-19,17.99
7020,2010-09-19,18.935
7021,2010-09-19,19.365
7022,2010-09-19,19.69333333333333
7023,2010-09-19,19.68
7024,2010-09-19,18.761666666666667
7025,2010-09-19,17.135
7026,2010-09-19,13.835
7027,2010-09-19,12.71
7028,2010-09-19,12.351666666666668
7029,2010-09-19,11.791666666666666
7030,2010-09-19,11.571666666666667
7031,2010-09-19,11.281666666666666
7032,2010-09-20,11.038333333333334
7033,2010-09-20,11.5
7034,2010-09-20,11.29
7035,2010-09-20,11.113333333333337
7036,2010-09-20,11.183333333333332
7037,2010-09-20,11.331666666666669
7038,2010-09-20,12.736666666666666
7039,2010-09-20,17.433333333333334
7040,2010-09-20,18.89
7041,2010-09-20,20.09166666666667
7042,2010-09-20,21.723333333333333
7043,2010-09-20,23.22
7044,2010-09-20,23.025
7045,2010-09-20,22.441666666666663
7046,2010-09-20,22.271666666666665
7047,2010-09-20,21.521666666666665
7048,2010-09-20,21.27
7049,2010-09-20,21.33833333333333
7050,2010-09-20,19.668333333333333
7051,2010-09-20,18.565
7052,2010-09-20,17.396666666666665
7053,2010-09-20,17.743333333333336
7054,2010-09-20,17.282
7055,2010-09-20,19.326666666666664
7080,2010-09-22,16.426666666666666
7081,2010-09-22,16.543333333333333
7082,2010-09-22,16.485
7083,2010-09-22,16.028333333333332
7084,2010-09-22,15.578333333333331
7085,2010-09-22,14.955
7086,2010-09-22,15.028333333333334
7087,2010-09-22,16.645
7088,2010-09-22,18.64
7089,2010-09-22,22.05333333333333
7090,2010-09-22,24.02833333333333
7091,2010-09-22,25.70833333333333
7092,2010-09-22,25.486
7093,2010-09-22,26.21333333333333
7094,2010-09-22,26.66
7095,2010-09-22,25.916666666666668
7096,2010-09-22,24.721666666666664
7097,2010-09-22,23.066666666666663
7098,2010-09-22,20.701666666666664
7099,2010-09-22,19.361666666666668
7100,2010-09-22,17.525000000000002
7101,2010-09-22,17.285
7102,2010-09-22,16.661666666666665
7103,2010-09-22,15.666666666666666
7224,2010-09-28,10.545
7225,2010-09-28,10.741666666666667
7226,2010-09-28,8.978333333333333
7227,2010-09-28,8.4
7228,2010-09-28,8.215
7229,2010-09-28,8.353333333333333
7230,2010-09-28,8.888333333333334
7231,2010-09-28,11.94
7232,2010-09-28,15.066666666666668
7233,2010-09-28,15.036666666666669
7234,2010-09-28,15.581666666666663
7235,2010-09-28,16.633333333333333
7236,2010-09-28,17.418333333333333
7237,2010-09-28,16.93
7238,2010-09-28,17.19
7239,2010-09-28,16.990000000000002
7240,2010-09-28,16.768333333333334
7241,2010-09-28,15.375
7242,2010-09-28,12.12
7243,2010-09-28,11.133333333333333
7244,2010-09-28,10.556666666666668
7245,2010-09-28,11.791666666666666
7246,2010-09-28,12.083333333333334
7247,2010-09-28,12.125
13392,2011-06-12,11.775
13393,2011-06-12,11.788333333333334
13394,2011-06-12,11.68
13395,2011-06-12,13.545
13396,2011-06-12,14.136666666666663
13397,2011-06-12,15.076666666666668
13398,2011-06-12,16.686666666666667
13399,2011-06-12,17.281666666666666
13400,2011-06-12,18.24833333333333
13401,2011-06-12,18.315
13402,2011-06-12,19.045
13403,2011-06-12,20.69
13404,2011-06-12,21.565
13405,2011-06-12,21.57333333333333
13406,2011-06-12,20.616666666666667
13407,2011-06-12,19.26
13408,2011-06-12,18.826666666666664
13409,2011-06-12,17.793333333333333
13410,2011-06-12,15.986666666666666
13411,2011-06-12,15.666666666666666
13412,2011-06-12,15.283333333333331
13413,2011-06-12,14.415
13414,2011-06-12,15.1
13415,2011-06-12,15.671666666666669
13560,2011-06-19,11.583333333333334
13561,2011-06-19,12.033333333333331
13562,2011-06-19,11.501666666666669
13563,2011-06-19,11.265
13564,2011-06-19,10.99
13565,2011-06-19,12.011666666666668
13566,2011-06-19,14.62
13567,2011-06-19,15.953333333333331
13568,2011-06-19,16.82
13569,2011-06-19,18.133333333333333
13570,2011-06-19,19.035
13571,2011-06-19,19.26
13572,2011-06-19,19.08833333333333
13573,2011-06-19,19.005
13574,2011-06-19,18.881666666666664
13575,2011-06-19,18.846666666666668
13576,2011-06-19,19.15
13577,2011-06-19,18.92833333333333
13578,2011-06-19,17.958333333333332
13579,2011-06-19,16.603333333333335
13580,2011-06-19,14.555
13581,2011-06-19,13.635
13582,2011-06-19,13.525
13583,2011-06-19,13.671666666666669
13704,2011-06-25,13.051666666666668
13705,2011-06-25,13.008333333333333
13706,2011-06-25,12.913333333333334
13707,2011-06-25,12.825
13708,2011-06-25,11.585
13709,2011-06-25,13.441666666666668
13710,2011-06-25,16.558333333333334
13711,2011-06-25,16.981666666666666
13712,2011-06-25,18.361666666666668
13713,2011-06-25,20.52833333333333
13714,2011-06-25,22.781666666666663
13715,2011-06-25,23.723333333333333
13716,2011-06-25,24.01833333333333
13717,2011-06-25,23.885
13718,2011-06-25,24.44333333333333
13719,2011-06-25,24.97666666666667
13720,2011-06-25,24.98166666666667
13721,2011-06-25,24.793333333333333
13722,2011-06-25,23.903333333333336
13723,2011-06-25,22.648333333333337
13724,2011-06-25,21.68
13725,2011-06-25,19.745
13726,2011-06-25,18.405
13727,2011-06-25,18.465
14016,2011-07-08,13.17
14017,2011-07-08,13.395
14018,2011-07-08,12.893333333333333
14019,2011-07-08,11.858333333333334
14020,2011-07-08,11.901666666666666
14021,2011-07-08,12.875
14022,2011-07-08,15.296666666666669
14023,2011-07-08,16.598333333333333
14024,2011-07-08,17.353333333333335
14025,2011-07-08,18.68
14026,2011-07-08,20.791666666666668
14027,2011-07-08,22.731666666666666
14028,2011-07-08,24.97
14029,2011-07-08,24.72666666666667
14030,2011-07-08,23.001666666666665
14031,2011-07-08,23.081666666666667
14032,2011-07-08,22.81833333333333
14033,2011-07-08,21.68166666666667
14034,2011-07-08,20.14333333333333
14035,2011-07-08,18.776666666666667
14036,2011-07-08,18.141666666666666
14037,2011-07-08,17.406666666666666
14038,2011-07-08,17.121666666666666
14039,2011-07-08,16.545
14664,2011-08-04,15.815
14665,2011-08-04,15.318333333333332
14666,2011-08-04,15.251666666666669
14667,2011-08-04,14.975
14668,2011-08-04,15.285000000000002
14669,2011-08-04,15.915
14670,2011-08-04,17.753333333333334
14671,2011-08-04,21.7
14672,2011-08-04,22.355
14673,2011-08-04,23.078333333333333
14674,2011-08-04,24.4
14675,2011-08-04,24.278333333333336
14676,2011-08-04,23.375
14677,2011-08-04,23.351666666666663
14678,2011-08-04,23.403333333333336
14679,2011-08-04,23.97666666666667
14680,2011-08-04,23.56
14681,2011-08-04,23.03333333333333
14682,2011-08-04,21.64833333333333
14683,2011-08-04,19.595
14684,2011-08-04,17.675
14685,2011-08-04,17.058333333333334
14686,2011-08-04,17.346666666666668
14687,2011-08-04,17.5
15048,2011-08-20,18.418333333333333
15049,2011-08-20,18.37
15050,2011-08-20,18.29833333333333
15051,2011-08-20,18.28
15052,2011-08-20,18.116
15053,2011-08-20,17.892000000000003
15054,2011-08-20,18.106666666666666
15055,2011-08-20,22.79833333333333
15056,2011-08-20,28.481666666666666
15057,2011-08-20,29.093333333333334
15058,2011-08-20,24.58333333333333
15059,2011-08-20,21.865
15060,2011-08-20,24.646666666666665
15061,2011-08-20,27.488333333333333
15062,2011-08-20,29.605
15063,2011-08-20,32.465
15064,2011-08-20,31.51
15065,2011-08-20,26.508333333333336
15066,2011-08-20,29.8
15067,2011-08-20,27.851666666666663
15068,2011-08-20,21.435
15069,2011-08-20,22.441666666666663
15070,2011-08-20,25.64833333333333
15071,2011-08-20,25.406666666666663
15240,2011-08-28,13.143333333333333
15241,2011-08-28,12.395
15242,2011-08-28,
15243,2011-08-28,
15244,2011-08-28,10.5825
15245,2011-08-28,
15246,2011-08-28,
15247,2011-08-28,15.5
15248,2011-08-28,15.776666666666666
15249,2011-08-28,
15250,2011-08-28,18.01
15251,2011-08-28,19.85833333333333
15252,2011-08-28,21.25
15253,2011-08-28,
15254,2011-08-28,
15255,2011-08-28,
15256,2011-08-28,
15257,2011-08-28,18.546666666666667
15258,2011-08-28,17.77
15259,2011-08-28,15.618
15260,2011-08-28,
15261,2011-08-28,
15262,2011-08-28,16.44
15263,2011-08-28,16.346666666666668
15288,2011-08-30,
15289,2011-08-30,13.91
15290,2011-08-30,
15291,2011-08-30,
15292,2011-08-30,
15293,2011-08-30,
15294,2011-08-30,14.516
15295,2011-08-30,
15296,2011-08-30,17.235
15297,2011-08-30,18.168
15298,2011-08-30,19.593333333333334
15299,2011-08-30,19.956666666666667
15300,2011-08-30,20.13833333333333
15301,2011-08-30,20.426666666666662
15302,2011-08-30,19.71333333333333
15303,2011-08-30,19.328333333333333
15304,2011-08-30,19.331666666666667
15305,2011-08-30,18.89
15306,2011-08-30,17.046666666666667
15307,2011-08-30,15.998333333333337
15308,2011-08-30,16.22
15309,2011-08-30,16.238333333333333
15310,2011-08-30,15.943333333333332
15311,2011-08-30,15.551666666666668
15312,2011-08-31,14.964999999999998
15313,2011-08-31,14.963333333333331
15314,2011-08-31,16.715
15315,2011-08-31,16.371666666666666
15316,2011-08-31,15.911666666666669
15317,2011-08-31,15.571666666666667
15318,2011-08-31,15.886666666666668
15319,2011-08-31,16.488333333333333
15320,2011-08-31,17.14
15321,2011-08-31,18.49
15322,2011-08-31,20.345
15323,2011-08-31,21.676666666666662
15324,2011-08-31,22.10833333333333
15325,2011-08-31,22.78833333333333
15326,2011-08-31,22.991666666666664
15327,2011-08-31,21.83
15328,2011-08-31,19.35
15329,2011-08-31,18.28333333333333
15330,2011-08-31,20.076666666666668
15331,2011-08-31,18.23
15332,2011-08-31,21.048333333333336
15333,2011-08-31,21.826666666666668
15334,2011-08-31,22.301666666666662
15335,2011-08-31,21.216666666666665
15504,2011-09-08,15.593333333333334
15505,2011-09-08,15.008333333333333
15506,2011-09-08,14.808333333333332
15507,2011-09-08,14.646666666666668
15508,2011-09-08,14.38
15509,2011-09-08,14.198333333333332
15510,2011-09-08,15.045
15511,2011-09-08,18.925
15512,2011-09-08,21.24833333333333
15513,2011-09-08,21.631666666666664
15514,2011-09-08,22.361666666666668
15515,2011-09-08,23.06
15516,2011-09-08,
15517,2011-09-08,
15518,2011-09-08,
15519,2011-09-08,
15520,2011-09-08,
15521,2011-09-08,
15522,2011-09-08,
15523,2011-09-08,
15524,2011-09-08,
15525,2011-09-08,
15526,2011-09-08,
15527,2011-09-08,
15528,2011-09-09,
15529,2011-09-09,
15530,2011-09-09,
15531,2011-09-09,
15532,2011-09-09,
15533,2011-09-09,
15534,2011-09-09,15.211666666666668
15535,2011-09-09,19.20833333333333
15536,2011-09-09,24.856666666666666
15537,2011-09-09,26.106666666666666
15538,2011-09-09,26.83333333333333
15539,2011-09-09,28.975
15540,2011-09-09,31.84
15541,2011-09-09,33.66833333333333
15542,2011-09-09,34.288333333333334
15543,2011-09-09,34.04333333333333
15544,2011-09-09,31.743333333333336
15545,2011-09-09,29.4
15546,2011-09-09,24.69333333333333
15547,2011-09-09,22.7
15548,2011-09-09,23.2075
15549,2011-09-09,
15550,2011-09-09,
15551,2011-09-09,
15600,2011-09-12,
15601,2011-09-12,
15602,2011-09-12,
15603,2011-09-12,
15604,2011-09-12,
15605,2011-09-12,
15606,2011-09-12,15.6
15607,2011-09-12,19.423333333333336
15608,2011-09-12,22.45
15609,2011-09-12,22.035
15610,2011-09-12,
15611,2011-09-12,
15612,2011-09-12,
15613,2011-09-12,
15614,2011-09-12,
15615,2011-09-12,
15616,2011-09-12,
15617,2011-09-12,
15618,2011-09-12,
15619,2011-09-12,
15620,2011-09-12,
15621,2011-09-12,
15622,2011-09-12,
15623,2011-09-12,
15672,2011-09-15,
15673,2011-09-15,
15674,2011-09-15,
15675,2011-09-15,
15676,2011-09-15,
15677,2011-09-15,
15678,2011-09-15,
15679,2011-09-15,24.072
15680,2011-09-15,22.57333333333333
15681,2011-09-15,
15682,2011-09-15,
15683,2011-09-15,
15684,2011-09-15,
15685,2011-09-15,
15686,2011-09-15,
15687,2011-09-15,
15688,2011-09-15,
15689,2011-09-15,
15690,2011-09-15,
15691,2011-09-15,
15692,2011-09-15,
15693,2011-09-15,
15694,2011-09-15,
15695,2011-09-15,
15792,2011-09-20,12.458333333333334
15793,2011-09-20,12.055
15794,2011-09-20,11.893333333333333
15795,2011-09-20,11.518333333333333
15796,2011-09-20,12.02
15797,2011-09-20,12.525
15798,2011-09-20,13.058333333333335
15799,2011-09-20,15.058333333333332
15800,2011-09-20,17.391666666666666
15801,2011-09-20,18.441666666666663
15802,2011-09-20,19.091666666666665
15803,2011-09-20,19.801666666666662
15804,2011-09-20,20.986666666666668
15805,2011-09-20,21.42
15806,2011-09-20,21.535
15807,2011-09-20,21.746666666666663
15808,2011-09-20,20.586666666666662
15809,2011-09-20,19.523333333333333
15810,2011-09-20,16.425
15811,2011-09-20,14.763333333333334
15812,2011-09-20,13.798333333333334
15813,2011-09-20,13.171666666666669
15814,2011-09-20,12.976666666666668
15815,2011-09-20,12.821666666666667
15912,2011-09-25,13.676666666666668
15913,2011-09-25,13.521666666666668
15914,2011-09-25,13.758333333333333
15915,2011-09-25,13.463333333333331
15916,2011-09-25,13.306666666666668
15917,2011-09-25,13.981666666666667
15918,2011-09-25,15.62
15919,2011-09-25,17.533333333333335
15920,2011-09-25,18.73333333333333
15921,2011-09-25,19.975
15922,2011-09-25,21.831666666666667
15923,2011-09-25,23.59166666666667
15924,2011-09-25,22.861666666666665
15925,2011-09-25,21.425
15926,2011-09-25,20.27
15927,2011-09-25,20.558333333333334
15928,2011-09-25,19.965
15929,2011-09-25,19.885
15930,2011-09-25,16.403333333333332
15931,2011-09-25,15.37
15932,2011-09-25,15.005
15933,2011-09-25,15.276666666666666
15934,2011-09-25,15.473333333333334
15935,2011-09-25,14.841666666666669
15936,2011-09-26,14.686666666666667
15937,2011-09-26,14.663333333333334
15938,2011-09-26,15.051666666666668
15939,2011-09-26,15.446666666666667
15940,2011-09-26,15.808333333333332
15941,2011-09-26,15.725
15942,2011-09-26,15.855
15943,2011-09-26,20.14333333333333
15944,2011-09-26,23.24
15945,2011-09-26,25.0175
15946,2011-09-26,24.05333333333333
15947,2011-09-26,24.10833333333333
15948,2011-09-26,23.723333333333333
15949,2011-09-26,23.08666666666667
15950,2011-09-26,22.395
15951,2011-09-26,21.791666666666668
15952,2011-09-26,21.355
15953,2011-09-26,20.95
15954,2011-09-26,18.60333333333333
15955,2011-09-26,20.110000000000003
15956,2011-09-26,18.79833333333333
15957,2011-09-26,19.83333333333333
15958,2011-09-26,19.815
15959,2011-09-26,18.12333333333333
16008,2011-09-29,15.461666666666666
16009,2011-09-29,15.335
16010,2011-09-29,15.333333333333334
16011,2011-09-29,15.481666666666667
16012,2011-09-29,17.641666666666666
16013,2011-09-29,18.561666666666667
16014,2011-09-29,20.295
16015,2011-09-29,22.17
16016,2011-09-29,23.11
16017,2011-09-29,23.7
16018,2011-09-29,24.938333333333333
16019,2011-09-29,26.72
16020,2011-09-29,28.066666666666663
16021,2011-09-29,29.535
16022,2011-09-29,30.045
16023,2011-09-29,29.511666666666667
16024,2011-09-29,27.52
16025,2011-09-29,24.87
16026,2011-09-29,22.47
16027,2011-09-29,22.71666666666667
16028,2011-09-29,24.038333333333338
16029,2011-09-29,24.02833333333333
16030,2011-09-29,23.731666666666666
16031,2011-09-29,23.775
21912,2012-06-01,16.75
21913,2012-06-01,16.94
21914,2012-06-01,17.3
21915,2012-06-01,16.203333333333333
21916,2012-06-01,16.94666666666667
21917,2012-06-01,18.62333333333333
21918,2012-06-01,19.686666666666667
21919,2012-06-01,20.316666666666663
21920,2012-06-01,20.995
21921,2012-06-01,23.15833333333333
21922,2012-06-01,25.62833333333333
21923,2012-06-01,27.820000000000004
21924,2012-06-01,29.305
21925,2012-06-01,29.83666666666667
21926,2012-06-01,29.511666666666667
21927,2012-06-01,29.795
21928,2012-06-01,29.17833333333333
21929,2012-06-01,27.41333333333333
21930,2012-06-01,24.078333333333333
21931,2012-06-01,22.91
21932,2012-06-01,25.315
21933,2012-06-01,23.665000000000003
21934,2012-06-01,21.65
21935,2012-06-01,23.72
22008,2012-06-05,12.278333333333334
22009,2012-06-05,11.663333333333334
22010,2012-06-05,11.591666666666669
22011,2012-06-05,12.096666666666666
22012,2012-06-05,14.288333333333334
22013,2012-06-05,16.753333333333334
22014,2012-06-05,17.99833333333333
22015,2012-06-05,19.376666666666665
22016,2012-06-05,19.686666666666667
22017,2012-06-05,20.87833333333333
22018,2012-06-05,21.96166666666667
22019,2012-06-05,21.271666666666665
22020,2012-06-05,20.508333333333333
22021,2012-06-05,20.75166666666667
22022,2012-06-05,20.848333333333333
22023,2012-06-05,21.481666666666666
22024,2012-06-05,21.78833333333333
22025,2012-06-05,20.61
22026,2012-06-05,19.021666666666665
22027,2012-06-05,16.94333333333333
22028,2012-06-05,16.19
22029,2012-06-05,16.44
22030,2012-06-05,16.255
22031,2012-06-05,15.848333333333334
22032,2012-06-06,14.716666666666669
22033,2012-06-06,14.541666666666666
22034,2012-06-06,14.77
22035,2012-06-06,14.546666666666669
22036,2012-06-06,14.748333333333331
22037,2012-06-06,14.885
22038,2012-06-06,15.528333333333334
22039,2012-06-06,16.533333333333335
22040,2012-06-06,18.1
22041,2012-06-06,19.08666666666667
22042,2012-06-06,19.146666666666665
22043,2012-06-06,19.12666666666667
22044,2012-06-06,19.72
22045,2012-06-06,19.95
22046,2012-06-06,18.495
22047,2012-06-06,19.03
22048,2012-06-06,19.286666666666665
22049,2012-06-06,18.96333333333333
22050,2012-06-06,18.75166666666667
22051,2012-06-06,18.176666666666662
22052,2012-06-06,17.576666666666664
22053,2012-06-06,21.06833333333333
22054,2012-06-06,23.805
22055,2012-06-06,23.85833333333333
22104,2012-06-09,11.783333333333331
22105,2012-06-09,10.763333333333334
22106,2012-06-09,9.836666666666668
22107,2012-06-09,9.841666666666669
22108,2012-06-09,10.455
22109,2012-06-09,11.275
22110,2012-06-09,12.073333333333332
22111,2012-06-09,13.323333333333332
22112,2012-06-09,13.785000000000002
22113,2012-06-09,14.836666666666666
22114,2012-06-09,16.728333333333335
22115,2012-06-09,16.978333333333335
22116,2012-06-09,18.15833333333333
22117,2012-06-09,18.45
22118,2012-06-09,17.86
22119,2012-06-09,17.131666666666664
22120,2012-06-09,16.018333333333334
22121,2012-06-09,14.653333333333334
22122,2012-06-09,14.315
22123,2012-06-09,14.256666666666668
22124,2012-06-09,14.339999999999998
22125,2012-06-09,15.078333333333331
22126,2012-06-09,15.648333333333332
22127,2012-06-09,15.381666666666666
22248,2012-06-15,14.048333333333332
22249,2012-06-15,13.968333333333334
22250,2012-06-15,13.589999999999998
22251,2012-06-15,13.483333333333334
22252,2012-06-15,13.061666666666667
22253,2012-06-15,12.665
22254,2012-06-15,15.595
22255,2012-06-15,17.650000000000002
22256,2012-06-15,19.03833333333333
22257,2012-06-15,20.99
22258,2012-06-15,22.646666666666665
22259,2012-06-15,24.65
22260,2012-06-15,26.116666666666664
22261,2012-06-15,27.66
22262,2012-06-15,28.540000000000003
22263,2012-06-15,28.97
22264,2012-06-15,29.05333333333333
22265,2012-06-15,28.578333333333333
22266,2012-06-15,24.491666666666664
22267,2012-06-15,21.41333333333333
22268,2012-06-15,19.758333333333333
22269,2012-06-15,18.62
22270,2012-06-15,15.925
22271,2012-06-15,15.488333333333337
22296,2012-06-17,12.843333333333334
22297,2012-06-17,12.778333333333334
22298,2012-06-17,12.86
22299,2012-06-17,12.96
22300,2012-06-17,12.839999999999998
22301,2012-06-17,12.878333333333332
22302,2012-06-17,14.181666666666668
22303,2012-06-17,15.11
22304,2012-06-17,15.443333333333332
22305,2012-06-17,16.99
22306,2012-06-17,18.28833333333333
22307,2012-06-17,19.451666666666668
22308,2012-06-17,21.285
22309,2012-06-17,21.396666666666665
22310,2012-06-17,21.758333333333336
22311,2012-06-17,20.501666666666665
22312,2012-06-17,20.581666666666667
22313,2012-06-17,20.95
22314,2012-06-17,21.16333333333333
22315,2012-06-17,20.551666666666662
22316,2012-06-17,17.586666666666666
22317,2012-06-17,16.116666666666667
22318,2012-06-17,15.845
22319,2012-06-17,15.51
22512,2012-06-26,13.693333333333332
22513,2012-06-26,13.336666666666666
22514,2012-06-26,13.633333333333333
22515,2012-06-26,13.381666666666666
22516,2012-06-26,13.286666666666669
22517,2012-06-26,15.083333333333334
22518,2012-06-26,16.965
22519,2012-06-26,18.775
22520,2012-06-26,20.05
22521,2012-06-26,21.60166666666667
22522,2012-06-26,23.275
22523,2012-06-26,23.258333333333336
22524,2012-06-26,23.356666666666666
22525,2012-06-26,24.031666666666663
22526,2012-06-26,24.46166666666667
22527,2012-06-26,24.83666666666667
22528,2012-06-26,24.771666666666665
22529,2012-06-26,23.535
22530,2012-06-26,21.866666666666664
22531,2012-06-26,20.83833333333333
22532,2012-06-26,20.976666666666667
22533,2012-06-26,20.68166666666667
22534,2012-06-26,21.676666666666662
22535,2012-06-26,21.955
22656,2012-07-02,9.286666666666669
22657,2012-07-02,10.465
22658,2012-07-02,11.876666666666663
22659,2012-07-02,12.396666666666668
22660,2012-07-02,12.885
22661,2012-07-02,13.395
22662,2012-07-02,13.405
22663,2012-07-02,15.006666666666668
22664,2012-07-02,16.435
22665,2012-07-02,17.248333333333335
22666,2012-07-02,18.245
22667,2012-07-02,19.335
22668,2012-07-02,19.62
22669,2012-07-02,19.471666666666668
22670,2012-07-02,20.08833333333333
22671,2012-07-02,20.105
22672,2012-07-02,20.33
22673,2012-07-02,18.906666666666663
22674,2012-07-02,17.421666666666667
22675,2012-07-02,16.365
22676,2012-07-02,15.295
22677,2012-07-02,13.251666666666669
22678,2012-07-02,11.578333333333331
22679,2012-07-02,11.338333333333331
22992,2012-07-16,13.146666666666668
22993,2012-07-16,12.573333333333332
22994,2012-07-16,11.103333333333332
22995,2012-07-16,10.48
22996,2012-07-16,10.52
22997,2012-07-16,11.101666666666668
22998,2012-07-16,13.978333333333332
22999,2012-07-16,15.786666666666669
23000,2012-07-16,17.381666666666664
23001,2012-07-16,18.701666666666664
23002,2012-07-16,20.20833333333333
23003,2012-07-16,21.10833333333333
23004,2012-07-16,22.401666666666667
23005,2012-07-16,22.51833333333333
23006,2012-07-16,21.89833333333333
23007,2012-07-16,21.066666666666663
23008,2012-07-16,20.506666666666668
23009,2012-07-16,20.06
23010,2012-07-16,17.838333333333335
23011,2012-07-16,16.175
23012,2012-07-16,15.085
23013,2012-07-16,13.675
23014,2012-07-16,13.813333333333333
23015,2012-07-16,13.056666666666668
23016,2012-07-17,12.241666666666667
23017,2012-07-17,11.698333333333332
23018,2012-07-17,11.975
23019,2012-07-17,11.951666666666668
23020,2012-07-17,11.745
23021,2012-07-17,13.141666666666666
23022,2012-07-17,18.606666666666666
23023,2012-07-17,20.9
23024,2012-07-17,21.26
23025,2012-07-17,22.343333333333334
23026,2012-07-17,24.74833333333333
23027,2012-07-17,27.061666666666667
23028,2012-07-17,26.845
23029,2012-07-17,27.05333333333333
23030,2012-07-17,27.165000000000003
23031,2012-07-17,28.35
23032,2012-07-17,28.545
23033,2012-07-17,27.62833333333333
23034,2012-07-17,25.92333333333333
23035,2012-07-17,24.058333333333334
23036,2012-07-17,23.10333333333333
23037,2012-07-17,21.348333333333333
23038,2012-07-17,19.30666666666667
23039,2012-07-17,17.718333333333334
23232,2012-07-26,18.44666666666667
23233,2012-07-26,18.396666666666665
23234,2012-07-26,18.405
23235,2012-07-26,20.295
23236,2012-07-26,21.96333333333333
23237,2012-07-26,25.085
23238,2012-07-26,25.811666666666667
23239,2012-07-26,26.05666666666667
23240,2012-07-26,26.751666666666665
23241,2012-07-26,29.01333333333333
23242,2012-07-26,30.155
23243,2012-07-26,31.303333333333335
23244,2012-07-26,26.90833333333333
23245,2012-07-26,26.506666666666664
23246,2012-07-26,24.715
23247,2012-07-26,23.625
23248,2012-07-26,23.528333333333336
23249,2012-07-26,22.94666666666667
23250,2012-07-26,21.46166666666667
23251,2012-07-26,20.57166666666667
23252,2012-07-26,21.913333333333338
23253,2012-07-26,19.93166666666667
23254,2012-07-26,19.04833333333333
23255,2012-07-26,19.566666666666663
23520,2012-08-07,13.425
23521,2012-08-07,12.745
23522,2012-08-07,11.876666666666669
23523,2012-08-07,11.945
23524,2012-08-07,12.561666666666667
23525,2012-08-07,14.486666666666666
23526,2012-08-07,15.755
23527,2012-08-07,18.015
23528,2012-08-07,19.021666666666665
23529,2012-08-07,19.881666666666668
23530,2012-08-07,21.47
23531,2012-08-07,23.355
23532,2012-08-07,24.706666666666667
23533,2012-08-07,24.461666666666662
23534,2012-08-07,24.22
23535,2012-08-07,23.993333333333336
23536,2012-08-07,23.761666666666667
23537,2012-08-07,22.17
23538,2012-08-07,20.24333333333333
23539,2012-08-07,18.77833333333333
23540,2012-08-07,18.071666666666665
23541,2012-08-07,17.793333333333333
23542,2012-08-07,17.523333333333333
23543,2012-08-07,17.279999999999998
23544,2012-08-08,16.218333333333334
23545,2012-08-08,15.791666666666666
23546,2012-08-08,15.488333333333337
23547,2012-08-08,15.155
23548,2012-08-08,14.963333333333331
23549,2012-08-08,15.2
23550,2012-08-08,17.535
23551,2012-08-08,22.176666666666662
23552,2012-08-08,25.040000000000003
23553,2012-08-08,27.121666666666663
23554,2012-08-08,29.28
23555,2012-08-08,30.691666666666663
23556,2012-08-08,32.291666666666664
23557,2012-08-08,31.916666666666668
23558,2012-08-08,31.746666666666663
23559,2012-08-08,32.47
23560,2012-08-08,32.30166666666667
23561,2012-08-08,31.49833333333333
23562,2012-08-08,27.86
23563,2012-08-08,23.68166666666667
23564,2012-08-08,23.078333333333333
23565,2012-08-08,21.71333333333333
23566,2012-08-08,20.906666666666663
23567,2012-08-08,19.761666666666667
23664,2012-08-13,16.171666666666667
23665,2012-08-13,15.755
23666,2012-08-13,15.848333333333334
23667,2012-08-13,15.543333333333337
23668,2012-08-13,15.991666666666667
23669,2012-08-13,15.853333333333332
23670,2012-08-13,17.246666666666666
23671,2012-08-13,19.09
23672,2012-08-13,20.886666666666667
23673,2012-08-13,21.865
23674,2012-08-13,22.546666666666667
23675,2012-08-13,22.621666666666663
23676,2012-08-13,22.53
23677,2012-08-13,22.596666666666664
23678,2012-08-13,22.675
23679,2012-08-13,22.75333333333333
23680,2012-08-13,22.33
23681,2012-08-13,21.81
23682,2012-08-13,20.633333333333333
23683,2012-08-13,18.593333333333334
23684,2012-08-13,17.661666666666665
23685,2012-08-13,18.593333333333334
23686,2012-08-13,16.598333333333333
23687,2012-08-13,16.255
23688,2012-08-14,16.95
23689,2012-08-14,16.288333333333334
23690,2012-08-14,19.25166666666667
23691,2012-08-14,22.54833333333333
23692,2012-08-14,22.12
23693,2012-08-14,17.900000000000002
23694,2012-08-14,18.71333333333333
23695,2012-08-14,21.15
23696,2012-08-14,22.796666666666667
23697,2012-08-14,23.17
23698,2012-08-14,23.538333333333338
23699,2012-08-14,24.365
23700,2012-08-14,23.856666666666666
23701,2012-08-14,23.791666666666668
23702,2012-08-14,24.076666666666668
23703,2012-08-14,24.113333333333333
23704,2012-08-14,23.21333333333333
23705,2012-08-14,23.055000000000003
23706,2012-08-14,20.721666666666668
23707,2012-08-14,19.721666666666668
23708,2012-08-14,19.606666666666666
23709,2012-08-14,20.016666666666666
23710,2012-08-14,21.19833333333333
23711,2012-08-14,26.418333333333333
23712,2012-08-15,25.55
23713,2012-08-15,26.111666666666668
23714,2012-08-15,26.456666666666667
23715,2012-08-15,25.861666666666668
23716,2012-08-15,25.098333333333333
23717,2012-08-15,24.186666666666667
23718,2012-08-15,19.613333333333333
23719,2012-08-15,19.906666666666663
23720,2012-08-15,18.39333333333333
23721,2012-08-15,18.34
23722,2012-08-15,18.466666666666665
23723,2012-08-15,19.436666666666667
23724,2012-08-15,20.45
23725,2012-08-15,21.085
23726,2012-08-15,22.606666666666666
23727,2012-08-15,22.57333333333333
23728,2012-08-15,20.9
23729,2012-08-15,19.936666666666667
23730,2012-08-15,20.06833333333333
23731,2012-08-15,18.351666666666667
23732,2012-08-15,16.97
23733,2012-08-15,17.151666666666667
23734,2012-08-15,17.716666666666665
23735,2012-08-15,17.68166666666667
23736,2012-08-16,17.331666666666667
23737,2012-08-16,16.793333333333333
23738,2012-08-16,16.45
23739,2012-08-16,15.714999999999998
23740,2012-08-16,15.446666666666667
23741,2012-08-16,17.73
23742,2012-08-16,17.816666666666666
23743,2012-08-16,21.141666666666666
23744,2012-08-16,22.02
23745,2012-08-16,24.225
23746,2012-08-16,24.69
23747,2012-08-16,27.871666666666663
23748,2012-08-16,29.76
23749,2012-08-16,30.741666666666664
23750,2012-08-16,28.453333333333333
23751,2012-08-16,27.79833333333333
23752,2012-08-16,26.993333333333336
23753,2012-08-16,27.641666666666666
23754,2012-08-16,26.156666666666663
23755,2012-08-16,23.55666666666667
23756,2012-08-16,22.5
23757,2012-08-16,22.96666666666667
23758,2012-08-16,20.945
23759,2012-08-16,18.89
24456,2012-09-15,11.183333333333332
24457,2012-09-15,10.903333333333334
24458,2012-09-15,10.876666666666669
24459,2012-09-15,10.866666666666667
24460,2012-09-15,11.54
24461,2012-09-15,12.808333333333332
24462,2012-09-15,13.248333333333331
24463,2012-09-15,15.216666666666669
24464,2012-09-15,17.111666666666668
24465,2012-09-15,17.955000000000002
24466,2012-09-15,19.118333333333336
24467,2012-09-15,19.895
24468,2012-09-15,21.47666666666667
24469,2012-09-15,22.078333333333333
24470,2012-09-15,21.661666666666665
24471,2012-09-15,21.135
24472,2012-09-15,20.535
24473,2012-09-15,19.25333333333333
24474,2012-09-15,16.673333333333336
24475,2012-09-15,14.921666666666669
24476,2012-09-15,13.83
24477,2012-09-15,13.381666666666668
24478,2012-09-15,12.913333333333334
24479,2012-09-15,12.676666666666668
24480,2012-09-16,14.336666666666666
24481,2012-09-16,14.633333333333333
24482,2012-09-16,14.946666666666667
24483,2012-09-16,14.89
24484,2012-09-16,13.403333333333334
24485,2012-09-16,12.546666666666669
24486,2012-09-16,12.561666666666667
24487,2012-09-16,16.003333333333334
24488,2012-09-16,19.38
24489,2012-09-16,20.17
24490,2012-09-16,21.12833333333333
24491,2012-09-16,21.45833333333333
24492,2012-09-16,22.131666666666664
24493,2012-09-16,21.091666666666665
24494,2012-09-16,21.828333333333333
24495,2012-09-16,19.19666666666667
24496,2012-09-16,19.29
24497,2012-09-16,19.11
24498,2012-09-16,17.358333333333334
24499,2012-09-16,15.656666666666666
24500,2012-09-16,15.318333333333332
24501,2012-09-16,14.836666666666666
24502,2012-09-16,14.83
24503,2012-09-16,15.055
24576,2012-09-20,11.896666666666668
24577,2012-09-20,11.911666666666669
24578,2012-09-20,11.871666666666668
24579,2012-09-20,11.158333333333331
24580,2012-09-20,11.236666666666666
24581,2012-09-20,11.771666666666668
24582,2012-09-20,12.19
24583,2012-09-20,14.025
24584,2012-09-20,15.076666666666668
24585,2012-09-20,16.663333333333334
24586,2012-09-20,20.866666666666667
24587,2012-09-20,23.37
24588,2012-09-20,25.453333333333333
24589,2012-09-20,27.391666666666666
24590,2012-09-20,28.77333333333333
24591,2012-09-20,28.266666666666666
24592,2012-09-20,28.311666666666667
24593,2012-09-20,25.28333333333333
24594,2012-09-20,21.296666666666667
24595,2012-09-20,24.60166666666667
24596,2012-09-20,24.71166666666667
24597,2012-09-20,25.06833333333333
24598,2012-09-20,24.70833333333333
24599,2012-09-20,24.721666666666668
24624,2012-09-22,16.73
24625,2012-09-22,17.33666666666667
24626,2012-09-22,17.736666666666668
24627,2012-09-22,17.498333333333335
24628,2012-09-22,16.891666666666666
24629,2012-09-22,16.251666666666665
24630,2012-09-22,15.926666666666668
24631,2012-09-22,18.168333333333333
24632,2012-09-22,20.496666666666663
24633,2012-09-22,22.57166666666667
24634,2012-09-22,24.43
24635,2012-09-22,26.23
24636,2012-09-22,24.691666666666663
24637,2012-09-22,24.365
24638,2012-09-22,24.35
24639,2012-09-22,24.133333333333336
24640,2012-09-22,24.195000000000004
24641,2012-09-22,22.67333333333333
24642,2012-09-22,22.255
24643,2012-09-22,22.325
24644,2012-09-22,21.83
24645,2012-09-22,20.731666666666666
24646,2012-09-22,24.618333333333336
24647,2012-09-22,25.80333333333333
30768,2013-06-05,8.784999999999998
30769,2013-06-05,8.846666666666666
30770,2013-06-05,9.273333333333332
30771,2013-06-05,9.423333333333334
30772,2013-06-05,9.148333333333332
30773,2013-06-05,10.775
30774,2013-06-05,15.671666666666669
30775,2013-06-05,15.658333333333331
30776,2013-06-05,16.385
30777,2013-06-05,17.71
30778,2013-06-05,19.44333333333333
30779,2013-06-05,18.731666666666666
30780,2013-06-05,18.738333333333333
30781,2013-06-05,19.37333333333333
30782,2013-06-05,19.82
30783,2013-06-05,19.57333333333333
30784,2013-06-05,20.101666666666667
30785,2013-06-05,18.22833333333333
30786,2013-06-05,16.44666666666667
30787,2013-06-05,15.081666666666669
30788,2013-06-05,14.171666666666669
30789,2013-06-05,13.293333333333337
30790,2013-06-05,12.761666666666663
30791,2013-06-05,12.825
30912,2013-06-11,13.28
30913,2013-06-11,13.086666666666666
30914,2013-06-11,13.093333333333334
30915,2013-06-11,12.981666666666667
30916,2013-06-11,13.303333333333333
30917,2013-06-11,13.436666666666667
30918,2013-06-11,14.353333333333332
30919,2013-06-11,16.26
30920,2013-06-11,19.363333333333333
30921,2013-06-11,19.805
30922,2013-06-11,20.561666666666664
30923,2013-06-11,21.575
30924,2013-06-11,22.070000000000004
30925,2013-06-11,21.676666666666662
30926,2013-06-11,21.48
30927,2013-06-11,22.791666666666668
30928,2013-06-11,22.146666666666665
30929,2013-06-11,20.145
30930,2013-06-11,19.936666666666667
30931,2013-06-11,18.296666666666667
30932,2013-06-11,17.986666666666668
30933,2013-06-11,17.84
30934,2013-06-11,17.881666666666664
30935,2013-06-11,18.308333333333334
31824,2013-07-19,15.481666666666667
31825,2013-07-19,15.121666666666668
31826,2013-07-19,15.905
31827,2013-07-19,15.211666666666666
31828,2013-07-19,15.575
31829,2013-07-19,15.773333333333332
31830,2013-07-19,20.01333333333333
31831,2013-07-19,22.25333333333333
31832,2013-07-19,23.221666666666668
31833,2013-07-19,23.675
31834,2013-07-19,24.80666666666667
31835,2013-07-19,26.35
31836,2013-07-19,27.031666666666663
31837,2013-07-19,26.18166666666667
31838,2013-07-19,25.97666666666667
31839,2013-07-19,25.875
31840,2013-07-19,24.491666666666664
31841,2013-07-19,23.141666666666666
31842,2013-07-19,22.163333333333338
31843,2013-07-19,20.92833333333333
31844,2013-07-19,20.885
31845,2013-07-19,20.091666666666665
31846,2013-07-19,19.98333333333333
31847,2013-07-19,19.87333333333333
32064,2013-07-29,14.851666666666668
32065,2013-07-29,14.048333333333332
32066,2013-07-29,13.38
32067,2013-07-29,13.131666666666666
32068,2013-07-29,14.345
32069,2013-07-29,15.525
32070,2013-07-29,16.41
32071,2013-07-29,18.40833333333333
32072,2013-07-29,19.44333333333333
32073,2013-07-29,19.62666666666667
32074,2013-07-29,20.71333333333333
32075,2013-07-29,21.973333333333333
32076,2013-07-29,21.77333333333333
32077,2013-07-29,22.28
32078,2013-07-29,21.77833333333333
32079,2013-07-29,21.541666666666668
32080,2013-07-29,21.3
32081,2013-07-29,20.38
32082,2013-07-29,19.72
32083,2013-07-29,18.261666666666667
32084,2013-07-29,17.718333333333334
32085,2013-07-29,16.418333333333333
32086,2013-07-29,16.34
32087,2013-07-29,16.150000000000002
32088,2013-07-30,16.013333333333332
32089,2013-07-30,15.163333333333334
32090,2013-07-30,15.186666666666667
32091,2013-07-30,15.155
32092,2013-07-30,14.803333333333333
32093,2013-07-30,15.216666666666669
32094,2013-07-30,17.813333333333333
32095,2013-07-30,20.215
32096,2013-07-30,21.42833333333333
32097,2013-07-30,22.505
32098,2013-07-30,23.913333333333338
32099,2013-07-30,24.171666666666667
32100,2013-07-30,23.60333333333333
32101,2013-07-30,23.26833333333333
32102,2013-07-30,23.32166666666667
32103,2013-07-30,23.58833333333333
32104,2013-07-30,23.436666666666667
32105,2013-07-30,22.84
32106,2013-07-30,21.703333333333333
32107,2013-07-30,19.063333333333333
32108,2013-07-30,17.408333333333335
32109,2013-07-30,16.788333333333334
32110,2013-07-30,16.333333333333332
32111,2013-07-30,15.576666666666668
32112,2013-07-31,15.36
32113,2013-07-31,16.06833333333333
32114,2013-07-31,15.503333333333332
32115,2013-07-31,15.56
32116,2013-07-31,17.341666666666665
32117,2013-07-31,16.495
32118,2013-07-31,20.095
32119,2013-07-31,23.861666666666665
32120,2013-07-31,25.926666666666662
32121,2013-07-31,26.68166666666667
32122,2013-07-31,28.53
32123,2013-07-31,30.60166666666667
32124,2013-07-31,32.89
32125,2013-07-31,34.73833333333334
32126,2013-07-31,35.725
32127,2013-07-31,35.24666666666666
32128,2013-07-31,35.026666666666664
32129,2013-07-31,34.35
32130,2013-07-31,30.435
32131,2013-07-31,25.613333333333333
32132,2013-07-31,22.79833333333333
32133,2013-07-31,20.771666666666665
32134,2013-07-31,18.973333333333333
32135,2013-07-31,18.723333333333333
32616,2013-08-21,17.468333333333334
32617,2013-08-21,16.80333333333333
32618,2013-08-21,15.485
32619,2013-08-21,14.081666666666663
32620,2013-08-21,13.74
32621,2013-08-21,13.823333333333332
32622,2013-08-21,16.238333333333333
32623,2013-08-21,20.91
32624,2013-08-21,21.315
32625,2013-08-21,21.881666666666664
32626,2013-08-21,24.32333333333333
32627,2013-08-21,26.320000000000004
32628,2013-08-21,28.015
32629,2013-08-21,27.953333333333333
32630,2013-08-21,27.05333333333333
32631,2013-08-21,27.485
32632,2013-08-21,27.62
32633,2013-08-21,27.006666666666664
32634,2013-08-21,25.08833333333333
32635,2013-08-21,21.035
32636,2013-08-21,19.401666666666667
32637,2013-08-21,19.251666666666665
32638,2013-08-21,18.826666666666668
32639,2013-08-21,18.28333333333333
32928,2013-09-03,15.055
32929,2013-09-03,14.371666666666668
32930,2013-09-03,14.963333333333331
32931,2013-09-03,13.45
32932,2013-09-03,12.56
32933,2013-09-03,12.611666666666666
32934,2013-09-03,16.091666666666665
32935,2013-09-03,19.145
32936,2013-09-03,20.351666666666667
32937,2013-09-03,21.28333333333333
32938,2013-09-03,23.243333333333336
32939,2013-09-03,25.645
32940,2013-09-03,27.171666666666667
32941,2013-09-03,26.41
32942,2013-09-03,25.83666666666667
32943,2013-09-03,25.85833333333333
32944,2013-09-03,25.671666666666667
32945,2013-09-03,23.61
32946,2013-09-03,20.46333333333333
32947,2013-09-03,18.601666666666667
32948,2013-09-03,17.478333333333335
32949,2013-09-03,16.62333333333333
32950,2013-09-03,16.148333333333333
32951,2013-09-03,15.590000000000002
33168,2013-09-13,13.586666666666666
33169,2013-09-13,13.943333333333332
33170,2013-09-13,14.273333333333332
33171,2013-09-13,14.483333333333334
33172,2013-09-13,14.406666666666666
33173,2013-09-13,14.45
33174,2013-09-13,14.758333333333333
33175,2013-09-13,14.991666666666667
33176,2013-09-13,16.356666666666666
33177,2013-09-13,17.55666666666667
33178,2013-09-13,18.51833333333333
33179,2013-09-13,18.75333333333333
33180,2013-09-13,19.116666666666664
33181,2013-09-13,19.775
33182,2013-09-13,21.225
33183,2013-09-13,20.825
33184,2013-09-13,19.80333333333333
33185,2013-09-13,18.631666666666664
33186,2013-09-13,16.513333333333332
33187,2013-09-13,14.415
33188,2013-09-13,14.218333333333334
33189,2013-09-13,14.44
33190,2013-09-13,13.658333333333331
33191,2013-09-13,13.435
33384,2013-09-22,13.286666666666669
33385,2013-09-22,13.635
33386,2013-09-22,13.813333333333333
33387,2013-09-22,12.383333333333333
33388,2013-09-22,11.751666666666669
33389,2013-09-22,11.391666666666666
33390,2013-09-22,11.28
33391,2013-09-22,15.093333333333334
33392,2013-09-22,19.03333333333333
33393,2013-09-22,19.8
33394,2013-09-22,20.905
33395,2013-09-22,22.415000000000003
33396,2013-09-22,24.508333333333336
33397,2013-09-22,25.843333333333334
33398,2013-09-22,26.835
33399,2013-09-22,27.005
33400,2013-09-22,26.13833333333333
33401,2013-09-22,24.44
33402,2013-09-22,21.08
33403,2013-09-22,21.101666666666667
33404,2013-09-22,20.865
33405,2013-09-22,18.061666666666667
33406,2013-09-22,17.015
33407,2013-09-22,17.483333333333334
33456,2013-09-25,17.451666666666664
33457,2013-09-25,17.135
33458,2013-09-25,16.988333333333333
33459,2013-09-25,16.79
33460,2013-09-25,21.90833333333333
33461,2013-09-25,22.84
33462,2013-09-25,22.421666666666667
33463,2013-09-25,21.97666666666667
33464,2013-09-25,21.596666666666668
33465,2013-09-25,23.236666666666665
33466,2013-09-25,23.176666666666662
33467,2013-09-25,24.776666666666667
33468,2013-09-25,26.14
33469,2013-09-25,27.305
33470,2013-09-25,25.17
33471,2013-09-25,22.776666666666667
33472,2013-09-25,21.52833333333333
33473,2013-09-25,20.92333333333333
33474,2013-09-25,19.67
33475,2013-09-25,18.87333333333333
33476,2013-09-25,18.17833333333333
33477,2013-09-25,18.293333333333333
33478,2013-09-25,17.555
33479,2013-09-25,17.383333333333336
33480,2013-09-26,17.53833333333333
33481,2013-09-26,17.426666666666666
33482,2013-09-26,17.44666666666667
33483,2013-09-26,17.141666666666666
33484,2013-09-26,17.099999999999998
33485,2013-09-26,16.208333333333332
33486,2013-09-26,16.088333333333335
33487,2013-09-26,19.73
33488,2013-09-26,23.343333333333334
33489,2013-09-26,24.286666666666665
33490,2013-09-26,26.070000000000004
33491,2013-09-26,27.703333333333333
33492,2013-09-26,29.406666666666663
33493,2013-09-26,28.99833333333333
33494,2013-09-26,28.058333333333334
33495,2013-09-26,28.356666666666666
33496,2013-09-26,28.22833333333333
33497,2013-09-26,25.045
33498,2013-09-26,22.516666666666666
33499,2013-09-26,22.6
33500,2013-09-26,22.185
33501,2013-09-26,20.591666666666665
33502,2013-09-26,23.24
33503,2013-09-26,23.151666666666667
33576,2013-09-30,17.256666666666664
33577,2013-09-30,18.396666666666665
33578,2013-09-30,18.721666666666668
33579,2013-09-30,18.826666666666668
33580,2013-09-30,19.065
33581,2013-09-30,19.295
33582,2013-09-30,19.405
33583,2013-09-30,19.646666666666665
33584,2013-09-30,20.266666666666666
33585,2013-09-30,21.938333333333333
33586,2013-09-30,23.043333333333333
33587,2013-09-30,22.55333333333333
33588,2013-09-30,22.39
33589,2013-09-30,22.026666666666667
33590,2013-09-30,21.881666666666664
33591,2013-09-30,21.17
33592,2013-09-30,20.22
33593,2013-09-30,19.44833333333333
33594,2013-09-30,18.106666666666666
33595,2013-09-30,18.085
33596,2013-09-30,17.55333333333333
33597,2013-09-30,20.175
33598,2013-09-30,21.805000000000003
33599,2013-09-30,22.001666666666665
39528,2014-06-05,9.79
39529,2014-06-05,9.26
39530,2014-06-05,8.513333333333334
39531,2014-06-05,8.533333333333333
39532,2014-06-05,9.791666666666666
39533,2014-06-05,10.641666666666667
39534,2014-06-05,12.801666666666668
39535,2014-06-05,14.113333333333337
39536,2014-06-05,15.38
39537,2014-06-05,17.283333333333335
39538,2014-06-05,19.50333333333333
39539,2014-06-05,21.915000000000003
39540,2014-06-05,22.825
39541,2014-06-05,20.92333333333333
39542,2014-06-05,21.205
39543,2014-06-05,20.97
39544,2014-06-05,21.89333333333333
39545,2014-06-05,21.805
39546,2014-06-05,20.473333333333333
39547,2014-06-05,18.258333333333333
39548,2014-06-05,16.633333333333336
39549,2014-06-05,16.555
39550,2014-06-05,20.551666666666662
39551,2014-06-05,22.19
39576,2014-06-07,14.958333333333334
39577,2014-06-07,14.828333333333331
39578,2014-06-07,15.034999999999998
39579,2014-06-07,16.046666666666667
39580,2014-06-07,16.544999999999998
39581,2014-06-07,16.30333333333333
39582,2014-06-07,17.69333333333333
39583,2014-06-07,19.311666666666667
39584,2014-06-07,21.46333333333333
39585,2014-06-07,22.60333333333333
39586,2014-06-07,24.153333333333336
39587,2014-06-07,24.126666666666665
39588,2014-06-07,22.39333333333333
39589,2014-06-07,22.94
39590,2014-06-07,22.861666666666665
39591,2014-06-07,22.403333333333336
39592,2014-06-07,22.43
39593,2014-06-07,21.755
39594,2014-06-07,20.7
39595,2014-06-07,19.008333333333333
39596,2014-06-07,16.391666666666666
39597,2014-06-07,16.22
39598,2014-06-07,17.746666666666666
39599,2014-06-07,15.51
39864,2014-06-19,14.343333333333334
39865,2014-06-19,13.4
39866,2014-06-19,12.283333333333331
39867,2014-06-19,11.956666666666663
39868,2014-06-19,11.409999999999998
39869,2014-06-19,12.57
39870,2014-06-19,17.055
39871,2014-06-19,17.11
39872,2014-06-19,18.293333333333333
39873,2014-06-19,20.55333333333333
39874,2014-06-19,21.921666666666667
39875,2014-06-19,22.361666666666668
39876,2014-06-19,22.03333333333333
39877,2014-06-19,22.675
39878,2014-06-19,22.935
39879,2014-06-19,22.95
39880,2014-06-19,22.71333333333333
39881,2014-06-19,21.926666666666662
39882,2014-06-19,20.78833333333333
39883,2014-06-19,19.328333333333333
39884,2014-06-19,18.01833333333333
39885,2014-06-19,17.678333333333335
39886,2014-06-19,17.851666666666667
39887,2014-06-19,18.356666666666666
40488,2014-07-15,13.328333333333331
40489,2014-07-15,13.156666666666666
40490,2014-07-15,13.521666666666668
40491,2014-07-15,13.621666666666668
40492,2014-07-15,13.758333333333333
40493,2014-07-15,15.128333333333332
40494,2014-07-15,17.141666666666666
40495,2014-07-15,18.71
40496,2014-07-15,19.92833333333333
40497,2014-07-15,20.776666666666667
40498,2014-07-15,21.475
40499,2014-07-15,22.653333333333336
40500,2014-07-15,23.525
40501,2014-07-15,23.00333333333333
40502,2014-07-15,22.785
40503,2014-07-15,22.24
40504,2014-07-15,21.426666666666662
40505,2014-07-15,20.416666666666668
40506,2014-07-15,18.62
40507,2014-07-15,17.248333333333335
40508,2014-07-15,16.863333333333333
40509,2014-07-15,16.825
40510,2014-07-15,16.7
40511,2014-07-15,16.426666666666666
41280,2014-08-17,11.078333333333331
41281,2014-08-17,10.75
41282,2014-08-17,10.463333333333331
41283,2014-08-17,10.65
41284,2014-08-17,10.478333333333332
41285,2014-08-17,10.015
41286,2014-08-17,12.571666666666667
41287,2014-08-17,15.448333333333332
41288,2014-08-17,15.953333333333331
41289,2014-08-17,17.731666666666666
41290,2014-08-17,19.05333333333333
41291,2014-08-17,20.22833333333333
41292,2014-08-17,20.60833333333333
41293,2014-08-17,20.081666666666667
41294,2014-08-17,19.231666666666666
41295,2014-08-17,19.155
41296,2014-08-17,18.5
41297,2014-08-17,17.761666666666667
41298,2014-08-17,16.473333333333333
41299,2014-08-17,14.756666666666666
41300,2014-08-17,13.335
41301,2014-08-17,12.68
41302,2014-08-17,12.45
41303,2014-08-17,12.938333333333333
41448,2014-08-24,13.131666666666666
41449,2014-08-24,13.85
41450,2014-08-24,12.235
41451,2014-08-24,11.811666666666667
41452,2014-08-24,11.201666666666668
41453,2014-08-24,10.591666666666669
41454,2014-08-24,11.936666666666667
41455,2014-08-24,16.588333333333335
41456,2014-08-24,17.788333333333334
41457,2014-08-24,18.79833333333333
41458,2014-08-24,20.293333333333333
41459,2014-08-24,21.85833333333333
41460,2014-08-24,22.75333333333333
41461,2014-08-24,22.096666666666664
41462,2014-08-24,21.945000000000004
41463,2014-08-24,20.8
41464,2014-08-24,20.343333333333334
41465,2014-08-24,19.290000000000003
41466,2014-08-24,18.036666666666665
41467,2014-08-24,17.286666666666665
41468,2014-08-24,16.32
41469,2014-08-24,16.365
41470,2014-08-24,15.2
41471,2014-08-24,14.383333333333333
41472,2014-08-25,14.013333333333334
41473,2014-08-25,13.81
41474,2014-08-25,13.903333333333334
41475,2014-08-25,13.585
41476,2014-08-25,13.214999999999998
41477,2014-08-25,13.21
41478,2014-08-25,14.723333333333334
41479,2014-08-25,19.141666666666666
41480,2014-08-25,20.57
41481,2014-08-25,21.105
41482,2014-08-25,22.951666666666668
41483,2014-08-25,24.578333333333333
41484,2014-08-25,25.043333333333333
41485,2014-08-25,24.58833333333333
41486,2014-08-25,23.635
41487,2014-08-25,23.438333333333333
41488,2014-08-25,23.63
41489,2014-08-25,22.705
41490,2014-08-25,21.59166666666667
41491,2014-08-25,18.468333333333334
41492,2014-08-25,17.668333333333333
41493,2014-08-25,17.245
41494,2014-08-25,16.91
41495,2014-08-25,16.50166666666667
41520,2014-08-27,17.32
41521,2014-08-27,17.285
41522,2014-08-27,17.143333333333334
41523,2014-08-27,16.981666666666666
41524,2014-08-27,17.016666666666666
41525,2014-08-27,16.881666666666664
41526,2014-08-27,17.330000000000002
41527,2014-08-27,20.07333333333333
41528,2014-08-27,22.29833333333333
41529,2014-08-27,24.093333333333334
41530,2014-08-27,25.10166666666667
41531,2014-08-27,26.401666666666667
41532,2014-08-27,26.758333333333336
41533,2014-08-27,26.505
41534,2014-08-27,25.85833333333333
41535,2014-08-27,25.566666666666663
41536,2014-08-27,23.811666666666667
41537,2014-08-27,21.87333333333333
41538,2014-08-27,20.49333333333333
41539,2014-08-27,19.66
41540,2014-08-27,18.55666666666667
41541,2014-08-27,20.23333333333333
41542,2014-08-27,19.055
41543,2014-08-27,18.3
41640,2014-09-01,16.75
41641,2014-09-01,16.423333333333332
41642,2014-09-01,16.625
41643,2014-09-01,16.238333333333333
41644,2014-09-01,16.273333333333333
41645,2014-09-01,15.728333333333332
41646,2014-09-01,16.16
41647,2014-09-01,17.581666666666667
41648,2014-09-01,18.496666666666663
41649,2014-09-01,20.50333333333333
41650,2014-09-01,21.685
41651,2014-09-01,22.545
41652,2014-09-01,22.903333333333336
41653,2014-09-01,23.24666666666667
41654,2014-09-01,23.436666666666667
41655,2014-09-01,23.28333333333333
41656,2014-09-01,22.785
41657,2014-09-01,21.11
41658,2014-09-01,18.66333333333333
41659,2014-09-01,16.765
41660,2014-09-01,16.80666666666667
41661,2014-09-01,16.363333333333333
41662,2014-09-01,16.213333333333335
41663,2014-09-01,15.485
41664,2014-09-02,14.716666666666669
41665,2014-09-02,14.773333333333332
41666,2014-09-02,14.07
41667,2014-09-02,13.706666666666663
41668,2014-09-02,13.675
41669,2014-09-02,14.57
41670,2014-09-02,16.986666666666665
41671,2014-09-02,18.83333333333333
41672,2014-09-02,19.55
41673,2014-09-02,21.651666666666667
41674,2014-09-02,22.83
41675,2014-09-02,24.34
41676,2014-09-02,25.355
41677,2014-09-02,25.243333333333336
41678,2014-09-02,25.08
41679,2014-09-02,24.34166666666667
41680,2014-09-02,23.26333333333333
41681,2014-09-02,21.881666666666664
41682,2014-09-02,19.14333333333333
41683,2014-09-02,16.736666666666668
41684,2014-09-02,16.294999999999998
41685,2014-09-02,14.655
41686,2014-09-02,16.993333333333336
41687,2014-09-02,17.901666666666667
41760,2014-09-06,15.178333333333333
41761,2014-09-06,15.871666666666664
41762,2014-09-06,16.103333333333335
41763,2014-09-06,15.403333333333334
41764,2014-09-06,15.0
41765,2014-09-06,15.198333333333332
41766,2014-09-06,16.11
41767,2014-09-06,18.666666666666668
41768,2014-09-06,20.09
41769,2014-09-06,21.47666666666667
41770,2014-09-06,22.846666666666668
41771,2014-09-06,24.441666666666663
41772,2014-09-06,22.861666666666668
41773,2014-09-06,22.52333333333333
41774,2014-09-06,22.285
41775,2014-09-06,21.82333333333333
41776,2014-09-06,22.011666666666667
41777,2014-09-06,21.265
41778,2014-09-06,19.488333333333333
41779,2014-09-06,17.911666666666665
41780,2014-09-06,17.958333333333332
41781,2014-09-06,17.483333333333334
41782,2014-09-06,16.561666666666667
41783,2014-09-06,16.085
41784,2014-09-07,15.808333333333332
41785,2014-09-07,15.783333333333331
41786,2014-09-07,16.040000000000003
41787,2014-09-07,15.676666666666668
41788,2014-09-07,15.953333333333331
41789,2014-09-07,17.338333333333335
41790,2014-09-07,19.05
41791,2014-09-07,20.45
41792,2014-09-07,21.39333333333333
41793,2014-09-07,22.326666666666668
41794,2014-09-07,23.715
41795,2014-09-07,25.766666666666666
41796,2014-09-07,26.895
41797,2014-09-07,26.46666666666667
41798,2014-09-07,26.59
41799,2014-09-07,26.078333333333333
41800,2014-09-07,24.59
41801,2014-09-07,23.35333333333333
41802,2014-09-07,22.51
41803,2014-09-07,20.161666666666665
41804,2014-09-07,19.703333333333333
41805,2014-09-07,19.375
41806,2014-09-07,19.025
41807,2014-09-07,18.98333333333333
41832,2014-09-09,16.826666666666664
41833,2014-09-09,16.501666666666665
41834,2014-09-09,17.006666666666664
41835,2014-09-09,16.743333333333336
41836,2014-09-09,15.966666666666669
41837,2014-09-09,15.713333333333331
41838,2014-09-09,16.765
41839,2014-09-09,19.35333333333333
41840,2014-09-09,20.326666666666668
41841,2014-09-09,22.076666666666668
41842,2014-09-09,23.835
41843,2014-09-09,24.888333333333332
41844,2014-09-09,24.91333333333333
41845,2014-09-09,25.10833333333333
41846,2014-09-09,24.501666666666665
41847,2014-09-09,23.866666666666664
41848,2014-09-09,22.93
41849,2014-09-09,20.72
41850,2014-09-09,18.92333333333333
41851,2014-09-09,18.421666666666667
41852,2014-09-09,18.426666666666662
41853,2014-09-09,18.216666666666665
41854,2014-09-09,17.37333333333333
41855,2014-09-09,17.283333333333335
41856,2014-09-10,17.076666666666668
41857,2014-09-10,16.88
41858,2014-09-10,16.648333333333333
41859,2014-09-10,16.198333333333334
41860,2014-09-10,16.53
41861,2014-09-10,17.098333333333333
41862,2014-09-10,17.45
41863,2014-09-10,21.25
41864,2014-09-10,22.74
41865,2014-09-10,25.815
41866,2014-09-10,26.486666666666668
41867,2014-09-10,28.156666666666663
41868,2014-09-10,29.12166666666667
41869,2014-09-10,28.57166666666667
41870,2014-09-10,28.43166666666667
41871,2014-09-10,28.19333333333333
41872,2014-09-10,27.133333333333336
41873,2014-09-10,25.436666666666667
41874,2014-09-10,23.76
41875,2014-09-10,22.33833333333333
41876,2014-09-10,19.828333333333333
41877,2014-09-10,19.24833333333333
41878,2014-09-10,19.566666666666663
41879,2014-09-10,20.035
41976,2014-09-15,15.928333333333333
41977,2014-09-15,15.295
41978,2014-09-15,15.783333333333331
41979,2014-09-15,17.088333333333335
41980,2014-09-15,17.46166666666667
41981,2014-09-15,16.62333333333333
41982,2014-09-15,18.47833333333333
41983,2014-09-15,18.17833333333333
41984,2014-09-15,19.595
41985,2014-09-15,22.313333333333333
41986,2014-09-15,22.96666666666667
41987,2014-09-15,24.53833333333333
41988,2014-09-15,25.245
41989,2014-09-15,23.501666666666665
41990,2014-09-15,23.111666666666668
41991,2014-09-15,23.28
41992,2014-09-15,23.215
41993,2014-09-15,21.785
41994,2014-09-15,18.95833333333333
41995,2014-09-15,17.878333333333334
41996,2014-09-15,17.155
41997,2014-09-15,16.906666666666666
41998,2014-09-15,17.333333333333332
41999,2014-09-15,16.668333333333333
42000,2014-09-16,16.275000000000002
42001,2014-09-16,18.085
42002,2014-09-16,18.291666666666668
42003,2014-09-16,19.03333333333333
42004,2014-09-16,21.17833333333333
42005,2014-09-16,21.551666666666662
42006,2014-09-16,21.326666666666668
42007,2014-09-16,21.26
42008,2014-09-16,21.60333333333333
42009,2014-09-16,22.24666666666667
42010,2014-09-16,23.99
42011,2014-09-16,25.07
42012,2014-09-16,25.8
42013,2014-09-16,29.113333333333333
42014,2014-09-16,27.776666666666667
42015,2014-09-16,29.111666666666665
42016,2014-09-16,28.191666666666663
42017,2014-09-16,22.718333333333334
42018,2014-09-16,20.241666666666667
42019,2014-09-16,20.308333333333334
42020,2014-09-16,19.19666666666667
42021,2014-09-16,19.876666666666665
42022,2014-09-16,22.418333333333333
42023,2014-09-16,21.736666666666668
42240,2014-09-26,12.161666666666669
42241,2014-09-26,12.201666666666668
42242,2014-09-26,12.671666666666669
42243,2014-09-26,11.651666666666666
42244,2014-09-26,11.478333333333332
42245,2014-09-26,11.198333333333332
42246,2014-09-26,11.053333333333333
42247,2014-09-26,13.721666666666666
42248,2014-09-26,16.618333333333336
42249,2014-09-26,17.209999999999997
42250,2014-09-26,17.959999999999997
42251,2014-09-26,19.14333333333333
42252,2014-09-26,19.261666666666667
42253,2014-09-26,19.391666666666666
42254,2014-09-26,18.63833333333333
42255,2014-09-26,18.545
42256,2014-09-26,18.558333333333334
42257,2014-09-26,17.143333333333334
42258,2014-09-26,14.918333333333337
42259,2014-09-26,14.231666666666667
42260,2014-09-26,14.151666666666666
42261,2014-09-26,14.0
42262,2014-09-26,13.538333333333334
42263,2014-09-26,13.498333333333331
42264,2014-09-27,13.476666666666668
42265,2014-09-27,12.803333333333333
42266,2014-09-27,11.855
42267,2014-09-27,11.151666666666666
42268,2014-09-27,10.95
42269,2014-09-27,11.666666666666666
42270,2014-09-27,15.153333333333334
42271,2014-09-27,16.97
42272,2014-09-27,18.81
42273,2014-09-27,20.231666666666666
42274,2014-09-27,21.326666666666668
42275,2014-09-27,23.078333333333333
42276,2014-09-27,25.043333333333333
42277,2014-09-27,26.90833333333333
42278,2014-09-27,27.34
42279,2014-09-27,26.78333333333333
42280,2014-09-27,24.14333333333333
42281,2014-09-27,22.063333333333333
42282,2014-09-27,18.911666666666665
42283,2014-09-27,21.496666666666663
42284,2014-09-27,21.493333333333336
42285,2014-09-27,21.641666666666666
42286,2014-09-27,21.37
42287,2014-09-27,20.95833333333333
48264,2015-06-04,15.623333333333337
48265,2015-06-04,15.585
48266,2015-06-04,15.521666666666668
48267,2015-06-04,15.286666666666669
48268,2015-06-04,14.511666666666668
48269,2015-06-04,15.18
48270,2015-06-04,18.385
48271,2015-06-04,23.035
48272,2015-06-04,25.366666666666664
48273,2015-06-04,27.266666666666666
48274,2015-06-04,28.655
48275,2015-06-04,30.040000000000003
48276,2015-06-04,32.48833333333334
48277,2015-06-04,33.321666666666665
48278,2015-06-04,33.28666666666667
48279,2015-06-04,32.51833333333334
48280,2015-06-04,32.24666666666666
48281,2015-06-04,24.615
48282,2015-06-04,19.316666666666663
48283,2015-06-04,17.626666666666665
48284,2015-06-04,17.87
48285,2015-06-04,17.301666666666666
48286,2015-06-04,16.155
48287,2015-06-04,16.496666666666666
48408,2015-06-10,12.521666666666668
48409,2015-06-10,12.591666666666669
48410,2015-06-10,12.661666666666669
48411,2015-06-10,12.675
48412,2015-06-10,12.025
48413,2015-06-10,12.606666666666667
48414,2015-06-10,12.891666666666666
48415,2015-06-10,12.913333333333334
48416,2015-06-10,12.715000000000002
48417,2015-06-10,13.328333333333331
48418,2015-06-10,14.451666666666666
48419,2015-06-10,13.966666666666669
48420,2015-06-10,14.773333333333332
48421,2015-06-10,15.016666666666666
48422,2015-06-10,15.236666666666666
48423,2015-06-10,15.88
48424,2015-06-10,16.085
48425,2015-06-10,16.349999999999998
48426,2015-06-10,15.706666666666663
48427,2015-06-10,15.625
48428,2015-06-10,16.611666666666668
48429,2015-06-10,16.525000000000002
48430,2015-06-10,16.993333333333336
48431,2015-06-10,16.763333333333332
48480,2015-06-13,14.533333333333331
48481,2015-06-13,14.683333333333332
48482,2015-06-13,14.578333333333331
48483,2015-06-13,14.526666666666666
48484,2015-06-13,14.368333333333334
48485,2015-06-13,14.413333333333334
48486,2015-06-13,14.615
48487,2015-06-13,14.756666666666668
48488,2015-06-13,14.861666666666666
48489,2015-06-13,15.523333333333332
48490,2015-06-13,16.111666666666668
48491,2015-06-13,16.961666666666666
48492,2015-06-13,17.69
48493,2015-06-13,16.456666666666667
48494,2015-06-13,16.2
48495,2015-06-13,17.169999999999998
48496,2015-06-13,17.46
48497,2015-06-13,17.033333333333335
48498,2015-06-13,16.506666666666664
48499,2015-06-13,15.67
48500,2015-06-13,15.36
48501,2015-06-13,14.573333333333332
48502,2015-06-13,14.281666666666666
48503,2015-06-13,11.825
48768,2015-06-25,13.656666666666666
48769,2015-06-25,14.865
48770,2015-06-25,14.641666666666666
48771,2015-06-25,14.5
48772,2015-06-25,14.74
48773,2015-06-25,15.088333333333331
48774,2015-06-25,18.666666666666668
48775,2015-06-25,20.926666666666662
48776,2015-06-25,20.675
48777,2015-06-25,22.79833333333333
48778,2015-06-25,24.39333333333333
48779,2015-06-25,26.125
48780,2015-06-25,25.231666666666666
48781,2015-06-25,25.76
48782,2015-06-25,26.135
48783,2015-06-25,26.055000000000003
48784,2015-06-25,26.04833333333333
48785,2015-06-25,25.77
48786,2015-06-25,24.60166666666667
48787,2015-06-25,21.47833333333333
48788,2015-06-25,19.01833333333333
48789,2015-06-25,18.115
48790,2015-06-25,17.848333333333333
48791,2015-06-25,18.125
48864,2015-06-29,17.061666666666667
48865,2015-06-29,16.830000000000002
48866,2015-06-29,17.711666666666666
48867,2015-06-29,17.625
48868,2015-06-29,17.605
48869,2015-06-29,17.650000000000002
48870,2015-06-29,17.69666666666667
48871,2015-06-29,18.19833333333333
48872,2015-06-29,19.261666666666667
48873,2015-06-29,20.065
48874,2015-06-29,22.256666666666664
48875,2015-06-29,23.425
48876,2015-06-29,24.62
48877,2015-06-29,24.751666666666665
48878,2015-06-29,24.22
48879,2015-06-29,24.235
48880,2015-06-29,24.241666666666664
48881,2015-06-29,24.308333333333334
48882,2015-06-29,22.971666666666668
48883,2015-06-29,21.398333333333337
48884,2015-06-29,20.155
48885,2015-06-29,19.49
48886,2015-06-29,19.336666666666662
48887,2015-06-29,19.88833333333333
48960,2015-07-03,17.07
48961,2015-07-03,17.301666666666666
48962,2015-07-03,17.625
48963,2015-07-03,17.78833333333333
48964,2015-07-03,17.826666666666664
48965,2015-07-03,17.7
48966,2015-07-03,17.968333333333334
48967,2015-07-03,20.26833333333333
48968,2015-07-03,25.348333333333333
48969,2015-07-03,27.508333333333336
48970,2015-07-03,29.46166666666667
48971,2015-07-03,30.60666666666667
48972,2015-07-03,32.47833333333333
48973,2015-07-03,33.541666666666664
48974,2015-07-03,34.41166666666667
48975,2015-07-03,34.71666666666667
48976,2015-07-03,29.67833333333333
48977,2015-07-03,24.665000000000003
48978,2015-07-03,21.66333333333333
48979,2015-07-03,20.316666666666663
48980,2015-07-03,19.941666666666663
48981,2015-07-03,19.646666666666665
48982,2015-07-03,19.72833333333333
48983,2015-07-03,18.505
49680,2015-08-02,14.641666666666666
49681,2015-08-02,15.228333333333332
49682,2015-08-02,15.331666666666663
49683,2015-08-02,14.089999999999998
49684,2015-08-02,14.323333333333332
49685,2015-08-02,17.713333333333335
49686,2015-08-02,19.645
49687,2015-08-02,20.77
49688,2015-08-02,21.686666666666667
49689,2015-08-02,23.5
49690,2015-08-02,25.691666666666663
49691,2015-08-02,28.19
49692,2015-08-02,30.505
49693,2015-08-02,31.293333333333333
49694,2015-08-02,31.195
49695,2015-08-02,30.85
49696,2015-08-02,31.08
49697,2015-08-02,29.85333333333333
49698,2015-08-02,25.035
49699,2015-08-02,21.596666666666664
49700,2015-08-02,19.815
49701,2015-08-02,18.328333333333333
49702,2015-08-02,18.74833333333333
49703,2015-08-02,17.246666666666666
49872,2015-08-10,14.523333333333332
49873,2015-08-10,15.171666666666669
49874,2015-08-10,14.783333333333331
49875,2015-08-10,14.541666666666666
49876,2015-08-10,17.131666666666664
49877,2015-08-10,17.236666666666668
49878,2015-08-10,19.415000000000003
49879,2015-08-10,21.136666666666667
49880,2015-08-10,20.411666666666665
49881,2015-08-10,23.141666666666666
49882,2015-08-10,24.30333333333333
49883,2015-08-10,25.54833333333333
49884,2015-08-10,26.395
49885,2015-08-10,26.986666666666665
49886,2015-08-10,26.813333333333333
49887,2015-08-10,26.265
49888,2015-08-10,26.045
49889,2015-08-10,24.89333333333333
49890,2015-08-10,23.225
49891,2015-08-10,21.305
49892,2015-08-10,20.183333333333334
49893,2015-08-10,18.48
49894,2015-08-10,18.39
49895,2015-08-10,17.513333333333335
50016,2015-08-16,11.911666666666669
50017,2015-08-16,11.893333333333333
50018,2015-08-16,12.128333333333332
50019,2015-08-16,12.76
50020,2015-08-16,13.226666666666668
50021,2015-08-16,13.76
50022,2015-08-16,14.856666666666667
50023,2015-08-16,14.875
50024,2015-08-16,15.836666666666666
50025,2015-08-16,16.901666666666667
50026,2015-08-16,19.086666666666662
50027,2015-08-16,19.295
50028,2015-08-16,19.843333333333334
50029,2015-08-16,19.04
50030,2015-08-16,19.206666666666667
50031,2015-08-16,18.348333333333333
50032,2015-08-16,17.705000000000002
50033,2015-08-16,17.063333333333333
50034,2015-08-16,16.223333333333333
50035,2015-08-16,15.686666666666667
50036,2015-08-16,15.241666666666667
50037,2015-08-16,14.931666666666668
50038,2015-08-16,14.935
50039,2015-08-16,14.651666666666666
50112,2015-08-20,12.693333333333332
50113,2015-08-20,13.351666666666668
50114,2015-08-20,12.823333333333332
50115,2015-08-20,11.913333333333334
50116,2015-08-20,11.548333333333334
50117,2015-08-20,11.705
50118,2015-08-20,14.113333333333337
50119,2015-08-20,18.50333333333333
50120,2015-08-20,18.985
50121,2015-08-20,21.08833333333333
50122,2015-08-20,22.996666666666663
50123,2015-08-20,24.635
50124,2015-08-20,25.316666666666663
50125,2015-08-20,24.685
50126,2015-08-20,24.765
50127,2015-08-20,23.676666666666662
50128,2015-08-20,22.84
50129,2015-08-20,21.59
50130,2015-08-20,19.65833333333333
50131,2015-08-20,18.211666666666662
50132,2015-08-20,16.981666666666666
50133,2015-08-20,17.39
50134,2015-08-20,17.029999999999998
50135,2015-08-20,16.30333333333333
50232,2015-08-25,13.653333333333334
50233,2015-08-25,13.563333333333333
50234,2015-08-25,14.413333333333334
50235,2015-08-25,14.986666666666666
50236,2015-08-25,16.31
50237,2015-08-25,17.168333333333333
50238,2015-08-25,17.715
50239,2015-08-25,18.85833333333333
50240,2015-08-25,20.75333333333333
50241,2015-08-25,22.39
50242,2015-08-25,23.905
50243,2015-08-25,25.56
50244,2015-08-25,25.271666666666665
50245,2015-08-25,24.55333333333333
50246,2015-08-25,24.255
50247,2015-08-25,23.69833333333333
50248,2015-08-25,23.085
50249,2015-08-25,22.513333333333332
50250,2015-08-25,20.7
50251,2015-08-25,17.78
50252,2015-08-25,16.94
50253,2015-08-25,18.031666666666663
50254,2015-08-25,18.29833333333333
50255,2015-08-25,16.81833333333333
50352,2015-08-30,19.1
50353,2015-08-30,19.006666666666664
50354,2015-08-30,18.836666666666662
50355,2015-08-30,18.581666666666667
50356,2015-08-30,18.56833333333333
50357,2015-08-30,18.465
50358,2015-08-30,23.515
50359,2015-08-30,26.33833333333333
50360,2015-08-30,27.113333333333333
50361,2015-08-30,28.56
50362,2015-08-30,30.346666666666668
50363,2015-08-30,29.42
50364,2015-08-30,28.56833333333333
50365,2015-08-30,24.92
50366,2015-08-30,26.18166666666667
50367,2015-08-30,26.30333333333333
50368,2015-08-30,27.96
50369,2015-08-30,30.19333333333333
50370,2015-08-30,26.913333333333338
50371,2015-08-30,27.37833333333333
50372,2015-08-30,28.058333333333334
50373,2015-08-30,21.71166666666667
50374,2015-08-30,20.296666666666667
50375,2015-08-30,19.94
50568,2015-09-08,10.706666666666663
50569,2015-09-08,10.935
50570,2015-09-08,11.278333333333334
50571,2015-09-08,10.765
50572,2015-09-08,10.74
50573,2015-09-08,11.046666666666669
50574,2015-09-08,11.868333333333332
50575,2015-09-08,15.698333333333332
50576,2015-09-08,16.785
50577,2015-09-08,17.868333333333336
50578,2015-09-08,18.67333333333333
50579,2015-09-08,19.94333333333333
50580,2015-09-08,20.321666666666665
50581,2015-09-08,20.57333333333333
50582,2015-09-08,20.686666666666667
50583,2015-09-08,20.266666666666666
50584,2015-09-08,19.593333333333334
50585,2015-09-08,18.348333333333333
50586,2015-09-08,15.54
50587,2015-09-08,13.426666666666668
50588,2015-09-08,13.186666666666667
50589,2015-09-08,13.496666666666668
50590,2015-09-08,13.061666666666667
50591,2015-09-08,13.203333333333331
50856,2015-09-20,11.895
50857,2015-09-20,11.44
50858,2015-09-20,12.318333333333332
50859,2015-09-20,12.456666666666663
50860,2015-09-20,12.041666666666666
50861,2015-09-20,11.958333333333334
50862,2015-09-20,11.898333333333332
50863,2015-09-20,14.723333333333334
50864,2015-09-20,16.84
50865,2015-09-20,17.598333333333333
50866,2015-09-20,17.895
50867,2015-09-20,19.021666666666665
50868,2015-09-20,20.05333333333333
50869,2015-09-20,20.508333333333333
50870,2015-09-20,20.186666666666667
50871,2015-09-20,20.223333333333333
50872,2015-09-20,19.20833333333333
50873,2015-09-20,17.24
50874,2015-09-20,14.548333333333332
50875,2015-09-20,13.526666666666666
50876,2015-09-20,13.013333333333334
50877,2015-09-20,12.163333333333334
50878,2015-09-20,11.471666666666666
50879,2015-09-20,11.301666666666668
50952,2015-09-24,14.0
50953,2015-09-24,13.98
50954,2015-09-24,13.996666666666668
50955,2015-09-24,14.075
50956,2015-09-24,14.14
50957,2015-09-24,14.071666666666667
50958,2015-09-24,13.831666666666663
50959,2015-09-24,14.223333333333334
50960,2015-09-24,16.278333333333332
50961,2015-09-24,16.75166666666667
50962,2015-09-24,17.423333333333336
50963,2015-09-24,18.415
50964,2015-09-24,18.868333333333336
50965,2015-09-24,19.186666666666667
50966,2015-09-24,19.145
50967,2015-09-24,18.601666666666667
50968,2015-09-24,18.466666666666665
50969,2015-09-24,17.848333333333333
50970,2015-09-24,14.61
50971,2015-09-24,13.36
50972,2015-09-24,12.406666666666666
50973,2015-09-24,13.025
50974,2015-09-24,13.83
50975,2015-09-24,14.135
50976,2015-09-25,14.053333333333333
50977,2015-09-25,13.663333333333334
50978,2015-09-25,13.355
50979,2015-09-25,13.391666666666666
50980,2015-09-25,13.22
50981,2015-09-25,11.653333333333334
50982,2015-09-25,12.583333333333334
50983,2015-09-25,15.45
50984,2015-09-25,16.216666666666665
50985,2015-09-25,16.988333333333333
50986,2015-09-25,18.19
50987,2015-09-25,19.311666666666667
50988,2015-09-25,19.205
50989,2015-09-25,19.541666666666668
50990,2015-09-25,19.885
50991,2015-09-25,19.70833333333333
50992,2015-09-25,18.55666666666667
50993,2015-09-25,16.735
50994,2015-09-25,14.991666666666667
50995,2015-09-25,14.27
50996,2015-09-25,14.616666666666667
50997,2015-09-25,15.258333333333333
50998,2015-09-25,15.568333333333332
50999,2015-09-25,15.721666666666666
51048,2015-09-28,10.978333333333332
51049,2015-09-28,10.408333333333331
51050,2015-09-28,10.788333333333334
51051,2015-09-28,11.521666666666668
51052,2015-09-28,11.340000000000002
51053,2015-09-28,10.856666666666667
51054,2015-09-28,11.186666666666667
51055,2015-09-28,14.073333333333332
51056,2015-09-28,15.716666666666669
51057,2015-09-28,15.393333333333333
51058,2015-09-28,17.048333333333332
51059,2015-09-28,18.375
51060,2015-09-28,19.481666666666666
51061,2015-09-28,20.245
51062,2015-09-28,20.496666666666663
51063,2015-09-28,19.94333333333333
51064,2015-09-28,19.841666666666665
51065,2015-09-28,19.051666666666662
51066,2015-09-28,16.81
51067,2015-09-28,16.013333333333332
51068,2015-09-28,15.021666666666668
51069,2015-09-28,15.448333333333332
51070,2015-09-28,15.345
51071,2015-09-28,15.62
51096,2015-09-30,12.791666666666666
51097,2015-09-30,12.471666666666666
51098,2015-09-30,12.911666666666669
51099,2015-09-30,12.395
51100,2015-09-30,12.278333333333334
51101,2015-09-30,11.281666666666666
51102,2015-09-30,10.59
51103,2015-09-30,12.825
51104,2015-09-30,15.913333333333332
51105,2015-09-30,16.233333333333334
51106,2015-09-30,17.458333333333332
51107,2015-09-30,19.883333333333333
51108,2015-09-30,21.148333333333333
51109,2015-09-30,20.225
51110,2015-09-30,20.773333333333333
51111,2015-09-30,20.731666666666666
51112,2015-09-30,21.35166666666667
51113,2015-09-30,18.84
51114,2015-09-30,16.61
51115,2015-09-30,16.24
51116,2015-09-30,16.738333333333333
51117,2015-09-30,17.463333333333335
51118,2015-09-30,17.07
51119,2015-09-30,18.335
57432,2016-06-20,10.305
57433,2016-06-20,9.925
57434,2016-06-20,10.4
57435,2016-06-20,10.515
57436,2016-06-20,10.698333333333332
57437,2016-06-20,11.515
57438,2016-06-20,15.088333333333331
57439,2016-06-20,17.566666666666666
57440,2016-06-20,17.98
57441,2016-06-20,19.65833333333333
57442,2016-06-20,20.92
57443,2016-06-20,21.9
57444,2016-06-20,22.016666666666666
57445,2016-06-20,22.236666666666665
57446,2016-06-20,22.266666666666666
57447,2016-06-20,22.18166666666667
57448,2016-06-20,21.418333333333333
57449,2016-06-20,21.275
57450,2016-06-20,20.101666666666667
57451,2016-06-20,17.803333333333335
57452,2016-06-20,15.485
57453,2016-06-20,14.388333333333334
57454,2016-06-20,14.52
57455,2016-06-20,14.173333333333334
57456,2016-06-21,14.038333333333334
57457,2016-06-21,14.011666666666663
57458,2016-06-21,13.783333333333331
57459,2016-06-21,13.856666666666667
57460,2016-06-21,13.808333333333332
57461,2016-06-21,14.778333333333334
57462,2016-06-21,18.75166666666667
57463,2016-06-21,21.011666666666667
57464,2016-06-21,21.36
57465,2016-06-21,23.535
57466,2016-06-21,25.021666666666665
57467,2016-06-21,25.985
57468,2016-06-21,26.741666666666664
57469,2016-06-21,26.551666666666662
57470,2016-06-21,26.94666666666667
57471,2016-06-21,27.118333333333336
57472,2016-06-21,27.146666666666665
57473,2016-06-21,24.085
57474,2016-06-21,21.175
57475,2016-06-21,19.161666666666665
57476,2016-06-21,18.435
57477,2016-06-21,18.16
57478,2016-06-21,18.223333333333333
57479,2016-06-21,17.44
58080,2016-07-17,14.738333333333337
58081,2016-07-17,14.943333333333332
58082,2016-07-17,14.621666666666668
58083,2016-07-17,13.818333333333332
58084,2016-07-17,13.75
58085,2016-07-17,14.308333333333332
58086,2016-07-17,18.51833333333333
58087,2016-07-17,21.976666666666663
58088,2016-07-17,22.09
58089,2016-07-17,23.24833333333333
58090,2016-07-17,25.75
58091,2016-07-17,27.53
58092,2016-07-17,28.55333333333333
58093,2016-07-17,27.808333333333334
58094,2016-07-17,27.296666666666667
58095,2016-07-17,28.72833333333333
58096,2016-07-17,28.616666666666664
58097,2016-07-17,28.035
58098,2016-07-17,26.70833333333333
58099,2016-07-17,22.996666666666663
58100,2016-07-17,20.60333333333333
58101,2016-07-17,20.235
58102,2016-07-17,19.091666666666665
58103,2016-07-17,19.186666666666667
58104,2016-07-18,19.148333333333333
58105,2016-07-18,19.44
58106,2016-07-18,25.665000000000003
58107,2016-07-18,26.926666666666662
58108,2016-07-18,26.153333333333336
58109,2016-07-18,26.481666666666666
58110,2016-07-18,26.686666666666667
58111,2016-07-18,26.945000000000004
58112,2016-07-18,27.59
58113,2016-07-18,29.203333333333333
58114,2016-07-18,30.69833333333333
58115,2016-07-18,32.50666666666667
58116,2016-07-18,34.37
58117,2016-07-18,35.795
58118,2016-07-18,36.90833333333333
58119,2016-07-18,37.10333333333333
58120,2016-07-18,36.59666666666666
58121,2016-07-18,36.12166666666666
58122,2016-07-18,33.843333333333334
58123,2016-07-18,30.041666666666668
58124,2016-07-18,28.930000000000003
58125,2016-07-18,30.75
58126,2016-07-18,31.326666666666668
58127,2016-07-18,31.241666666666664
58704,2016-08-12,12.333333333333334
58705,2016-08-12,12.776666666666666
58706,2016-08-12,13.846666666666666
58707,2016-08-12,14.553333333333333
58708,2016-08-12,14.041666666666666
58709,2016-08-12,13.326666666666668
58710,2016-08-12,14.845
58711,2016-08-12,17.628333333333334
58712,2016-08-12,18.441666666666663
58713,2016-08-12,19.881666666666664
58714,2016-08-12,21.705
58715,2016-08-12,23.113333333333333
58716,2016-08-12,24.703333333333333
58717,2016-08-12,25.126666666666665
58718,2016-08-12,25.55333333333333
58719,2016-08-12,26.27
58720,2016-08-12,26.456666666666667
58721,2016-08-12,25.563333333333333
58722,2016-08-12,23.85333333333333
58723,2016-08-12,21.383333333333336
58724,2016-08-12,18.801666666666662
58725,2016-08-12,17.716666666666665
58726,2016-08-12,17.338333333333335
58727,2016-08-12,17.023333333333333
58728,2016-08-13,17.118333333333336
58729,2016-08-13,16.351666666666667
58730,2016-08-13,16.651666666666667
58731,2016-08-13,16.065
58732,2016-08-13,15.76
58733,2016-08-13,15.628333333333332
58734,2016-08-13,21.035
58735,2016-08-13,24.988333333333333
58736,2016-08-13,26.566666666666663
58737,2016-08-13,26.286666666666665
58738,2016-08-13,27.24
58739,2016-08-13,28.44333333333333
58740,2016-08-13,28.241666666666664
58741,2016-08-13,26.566666666666663
58742,2016-08-13,26.90833333333333
58743,2016-08-13,27.765
58744,2016-08-13,27.691666666666663
58745,2016-08-13,27.12333333333333
58746,2016-08-13,24.63833333333333
58747,2016-08-13,20.885
58748,2016-08-13,19.426666666666662
58749,2016-08-13,18.256666666666664
58750,2016-08-13,17.801666666666666
58751,2016-08-13,18.008333333333333
58776,2016-08-15,19.203333333333333
58777,2016-08-15,19.828333333333333
58778,2016-08-15,20.611666666666668
58779,2016-08-15,20.856666666666666
58780,2016-08-15,20.35833333333333
58781,2016-08-15,18.75333333333333
58782,2016-08-15,19.101666666666667
58783,2016-08-15,19.14333333333333
58784,2016-08-15,19.773333333333333
58785,2016-08-15,24.921666666666667
58786,2016-08-15,27.231666666666666
58787,2016-08-15,31.21333333333333
58788,2016-08-15,32.165
58789,2016-08-15,25.528333333333336
58790,2016-08-15,26.468333333333334
58791,2016-08-15,28.516666666666666
58792,2016-08-15,27.011666666666667
58793,2016-08-15,26.001666666666665
58794,2016-08-15,22.405
58795,2016-08-15,25.468333333333334
58796,2016-08-15,22.865
58797,2016-08-15,23.33833333333333
58798,2016-08-15,22.988333333333333
58799,2016-08-15,22.18
58944,2016-08-22,15.263333333333334
58945,2016-08-22,15.616666666666667
58946,2016-08-22,15.841666666666669
58947,2016-08-22,16.25
58948,2016-08-22,14.798333333333332
58949,2016-08-22,13.453333333333331
58950,2016-08-22,15.660000000000002
58951,2016-08-22,19.466666666666665
58952,2016-08-22,19.331666666666667
58953,2016-08-22,21.315
58954,2016-08-22,23.77833333333333
58955,2016-08-22,26.376666666666665
58956,2016-08-22,28.701666666666668
58957,2016-08-22,29.755
58958,2016-08-22,29.76
58959,2016-08-22,30.215
58960,2016-08-22,29.78333333333333
58961,2016-08-22,28.47833333333333
58962,2016-08-22,26.46166666666667
58963,2016-08-22,25.33666666666667
58964,2016-08-22,25.508333333333336
58965,2016-08-22,22.081666666666667
58966,2016-08-22,19.911666666666665
58967,2016-08-22,26.74
59016,2016-08-25,16.595
59017,2016-08-25,16.746666666666666
59018,2016-08-25,18.251666666666665
59019,2016-08-25,18.438333333333333
59020,2016-08-25,17.981666666666666
59021,2016-08-25,19.435
59022,2016-08-25,23.41
59023,2016-08-25,25.488333333333333
59024,2016-08-25,27.598333333333333
59025,2016-08-25,29.308333333333334
59026,2016-08-25,31.815
59027,2016-08-25,33.165
59028,2016-08-25,34.21
59029,2016-08-25,35.4
59030,2016-08-25,36.51333333333333
59031,2016-08-25,37.06
59032,2016-08-25,36.21666666666667
59033,2016-08-25,29.918333333333333
59034,2016-08-25,23.27333333333333
59035,2016-08-25,20.986666666666668
59036,2016-08-25,20.441666666666663
59037,2016-08-25,20.01
59038,2016-08-25,19.425
59039,2016-08-25,18.53333333333333
59232,2016-09-03,14.828333333333331
59233,2016-09-03,14.405
59234,2016-09-03,15.033333333333331
59235,2016-09-03,15.618333333333332
59236,2016-09-03,17.691666666666666
59237,2016-09-03,17.43166666666667
59238,2016-09-03,16.403333333333332
59239,2016-09-03,18.578333333333333
59240,2016-09-03,20.651666666666667
59241,2016-09-03,21.986666666666668
59242,2016-09-03,24.08333333333333
59243,2016-09-03,25.758333333333336
59244,2016-09-03,26.51333333333333
59245,2016-09-03,28.311666666666667
59246,2016-09-03,28.085
59247,2016-09-03,26.243333333333336
59248,2016-09-03,24.53
59249,2016-09-03,22.03333333333333
59250,2016-09-03,20.775
59251,2016-09-03,18.895
59252,2016-09-03,18.06
59253,2016-09-03,17.883333333333333
59254,2016-09-03,18.066666666666663
59255,2016-09-03,17.673333333333332
59304,2016-09-06,15.738333333333337
59305,2016-09-06,15.531666666666666
59306,2016-09-06,15.68
59307,2016-09-06,17.541666666666668
59308,2016-09-06,17.016666666666666
59309,2016-09-06,15.536666666666669
59310,2016-09-06,17.224999999999998
59311,2016-09-06,21.703333333333333
59312,2016-09-06,22.385
59313,2016-09-06,24.106666666666666
59314,2016-09-06,27.081666666666667
59315,2016-09-06,28.751666666666665
59316,2016-09-06,29.88833333333333
59317,2016-09-06,30.65
59318,2016-09-06,29.965
59319,2016-09-06,29.723333333333333
59320,2016-09-06,29.055
59321,2016-09-06,27.84166666666667
59322,2016-09-06,24.118333333333336
59323,2016-09-06,21.23
59324,2016-09-06,23.633333333333336
59325,2016-09-06,24.075
59326,2016-09-06,24.236666666666668
59327,2016-09-06,24.243333333333336
59664,2016-09-21,11.753333333333332
59665,2016-09-21,11.85
59666,2016-09-21,11.746666666666668
59667,2016-09-21,11.825
59668,2016-09-21,11.531666666666666
59669,2016-09-21,11.396666666666668
59670,2016-09-21,11.733333333333334
59671,2016-09-21,14.038333333333334
59672,2016-09-21,16.168333333333333
59673,2016-09-21,16.62333333333333
59674,2016-09-21,17.745
59675,2016-09-21,19.255
59676,2016-09-21,20.19333333333333
59677,2016-09-21,20.541666666666668
59678,2016-09-21,19.621666666666663
59679,2016-09-21,18.81
59680,2016-09-21,17.588333333333335
59681,2016-09-21,16.576666666666668
59682,2016-09-21,16.168333333333333
59683,2016-09-21,15.915
59684,2016-09-21,14.883333333333333
59685,2016-09-21,15.1
59686,2016-09-21,15.815
59687,2016-09-21,15.985
59712,2016-09-23,16.105
59713,2016-09-23,15.521666666666668
59714,2016-09-23,14.768333333333333
59715,2016-09-23,13.636666666666663
59716,2016-09-23,13.43
59717,2016-09-23,13.785000000000002
59718,2016-09-23,13.653333333333334
59719,2016-09-23,15.985
59720,2016-09-23,18.4
59721,2016-09-23,18.75
59722,2016-09-23,19.275
59723,2016-09-23,20.21333333333333
59724,2016-09-23,20.856666666666666
59725,2016-09-23,21.453333333333333
59726,2016-09-23,21.42333333333333
59727,2016-09-23,20.635
59728,2016-09-23,20.115
59729,2016-09-23,18.861666666666668
59730,2016-09-23,15.73
59731,2016-09-23,14.038333333333334
59732,2016-09-23,14.65
59733,2016-09-23,14.333333333333334
59734,2016-09-23,13.741666666666667
59735,2016-09-23,14.135
59832,2016-09-28,16.411666666666665
59833,2016-09-28,16.423333333333332
59834,2016-09-28,16.46
59835,2016-09-28,16.463333333333335
59836,2016-09-28,16.44666666666667
59837,2016-09-28,16.426666666666666
59838,2016-09-28,16.325
59839,2016-09-28,16.59
59840,2016-09-28,17.36
59841,2016-09-28,18.313333333333333
59842,2016-09-28,19.485
59843,2016-09-28,20.96333333333333
59844,2016-09-28,22.028333333333336
59845,2016-09-28,21.846666666666664
59846,2016-09-28,21.89833333333333
59847,2016-09-28,21.471666666666664
59848,2016-09-28,21.331666666666667
59849,2016-09-28,20.356666666666666
59850,2016-09-28,18.843333333333334
59851,2016-09-28,18.87
59852,2016-09-28,20.20833333333333
59853,2016-09-28,21.496666666666663
59854,2016-09-28,21.988333333333333
59855,2016-09-28,22.02
65880,2017-06-07,12.328333333333331
65881,2017-06-07,12.01
65882,2017-06-07,12.105
65883,2017-06-07,10.521666666666668
65884,2017-06-07,9.426666666666668
65885,2017-06-07,10.096666666666666
65886,2017-06-07,14.27
65887,2017-06-07,15.523333333333332
65888,2017-06-07,17.021666666666665
65889,2017-06-07,18.69
65890,2017-06-07,18.901666666666667
65891,2017-06-07,19.521666666666665
65892,2017-06-07,19.816666666666663
65893,2017-06-07,20.726666666666667
65894,2017-06-07,20.48
65895,2017-06-07,20.895
65896,2017-06-07,21.60333333333333
65897,2017-06-07,21.381666666666664
65898,2017-06-07,20.171666666666667
65899,2017-06-07,19.5
65900,2017-06-07,18.843333333333334
65901,2017-06-07,16.48
65902,2017-06-07,15.325
65903,2017-06-07,14.868333333333332
66144,2017-06-18,16.18
66145,2017-06-18,16.856666666666666
66146,2017-06-18,16.128333333333334
66147,2017-06-18,15.736666666666666
66148,2017-06-18,15.765
66149,2017-06-18,16.253333333333334
66150,2017-06-18,20.736666666666668
66151,2017-06-18,24.896666666666665
66152,2017-06-18,25.363333333333333
66153,2017-06-18,25.691666666666663
66154,2017-06-18,26.87333333333333
66155,2017-06-18,27.615
66156,2017-06-18,27.20833333333333
66157,2017-06-18,27.221666666666664
66158,2017-06-18,27.793333333333333
66159,2017-06-18,27.831666666666667
66160,2017-06-18,27.435
66161,2017-06-18,26.815
66162,2017-06-18,26.01833333333333
66163,2017-06-18,25.00333333333333
66164,2017-06-18,21.77
66165,2017-06-18,19.765
66166,2017-06-18,19.32
66167,2017-06-18,19.44
66192,2017-06-20,25.641666666666666
66193,2017-06-20,23.33833333333333
66194,2017-06-20,23.356666666666666
66195,2017-06-20,25.236666666666668
66196,2017-06-20,25.31833333333333
66197,2017-06-20,25.508333333333336
66198,2017-06-20,25.715
66199,2017-06-20,25.371666666666663
66200,2017-06-20,25.73333333333333
66201,2017-06-20,27.183333333333334
66202,2017-06-20,28.805000000000003
66203,2017-06-20,29.565
66204,2017-06-20,30.118333333333336
66205,2017-06-20,29.916666666666668
66206,2017-06-20,27.881666666666664
66207,2017-06-20,27.93166666666667
66208,2017-06-20,28.74833333333333
66209,2017-06-20,27.313333333333333
66210,2017-06-20,26.38
66211,2017-06-20,24.16333333333333
66212,2017-06-20,21.60333333333333
66213,2017-06-20,20.55333333333333
66214,2017-06-20,20.27
66215,2017-06-20,21.045
66216,2017-06-21,24.433333333333334
66217,2017-06-21,25.515
66218,2017-06-21,25.965
66219,2017-06-21,26.686666666666667
66220,2017-06-21,26.281666666666663
66221,2017-06-21,26.995
66222,2017-06-21,27.58666666666667
66223,2017-06-21,28.281666666666663
66224,2017-06-21,29.435
66225,2017-06-21,30.10833333333333
66226,2017-06-21,31.598333333333333
66227,2017-06-21,33.025
66228,2017-06-21,32.765
66229,2017-06-21,32.14666666666667
66230,2017-06-21,31.971666666666664
66231,2017-06-21,31.79833333333333
66232,2017-06-21,31.911666666666665
66233,2017-06-21,31.801666666666662
66234,2017-06-21,29.83333333333333
66235,2017-06-21,24.45833333333333
66236,2017-06-21,21.791666666666668
66237,2017-06-21,20.71333333333333
66238,2017-06-21,19.593333333333334
66239,2017-06-21,18.968333333333334
66504,2017-07-03,14.458333333333334
66505,2017-07-03,13.235
66506,2017-07-03,12.768333333333333
66507,2017-07-03,12.671666666666669
66508,2017-07-03,11.826666666666668
66509,2017-07-03,12.823333333333332
66510,2017-07-03,17.245
66511,2017-07-03,18.315
66512,2017-07-03,19.686666666666667
66513,2017-07-03,21.495
66514,2017-07-03,22.34
66515,2017-07-03,23.37833333333333
66516,2017-07-03,24.040000000000003
66517,2017-07-03,23.16333333333333
66518,2017-07-03,22.29833333333333
66519,2017-07-03,22.491666666666664
66520,2017-07-03,21.83333333333333
66521,2017-07-03,21.183333333333334
66522,2017-07-03,19.391666666666666
66523,2017-07-03,18.706666666666667
66524,2017-07-03,16.531666666666666
66525,2017-07-03,15.871666666666668
66526,2017-07-03,16.381666666666664
66527,2017-07-03,16.478333333333335
66528,2017-07-04,16.715
66529,2017-07-04,16.923333333333332
66530,2017-07-04,14.826666666666666
66531,2017-07-04,13.57
66532,2017-07-04,13.336666666666666
66533,2017-07-04,14.438333333333333
66534,2017-07-04,17.75166666666667
66535,2017-07-04,19.606666666666666
66536,2017-07-04,21.535
66537,2017-07-04,23.488333333333333
66538,2017-07-04,25.594
66539,2017-07-04,28.18166666666667
66540,2017-07-04,31.251666666666665
66541,2017-07-04,31.97
66542,2017-07-04,31.625
66543,2017-07-04,31.365
66544,2017-07-04,31.316666666666663
66545,2017-07-04,30.665000000000003
66546,2017-07-04,28.641666666666666
66547,2017-07-04,28.121666666666663
66548,2017-07-04,26.671666666666667
66549,2017-07-04,24.686666666666667
66550,2017-07-04,28.866666666666664
66551,2017-07-04,29.19833333333333
66576,2017-07-06,17.05333333333333
66577,2017-07-06,16.57
66578,2017-07-06,15.768333333333333
66579,2017-07-06,15.61
66580,2017-07-06,15.886666666666668
66581,2017-07-06,15.87
66582,2017-07-06,17.14
66583,2017-07-06,18.295
66584,2017-07-06,19.25333333333333
66585,2017-07-06,21.546666666666667
66586,2017-07-06,22.14
66587,2017-07-06,22.645
66588,2017-07-06,21.19833333333333
66589,2017-07-06,20.94333333333333
66590,2017-07-06,21.616666666666664
66591,2017-07-06,21.44666666666667
66592,2017-07-06,21.043333333333333
66593,2017-07-06,20.801666666666662
66594,2017-07-06,22.151666666666667
66595,2017-07-06,19.376666666666665
66596,2017-07-06,19.05333333333333
66597,2017-07-06,24.39833333333333
66598,2017-07-06,21.141666666666666
66599,2017-07-06,20.145
66840,2017-07-17,16.508333333333333
66841,2017-07-17,16.695
66842,2017-07-17,16.8
66843,2017-07-17,17.345
66844,2017-07-17,17.313333333333333
66845,2017-07-17,17.486666666666668
66846,2017-07-17,20.47833333333333
66847,2017-07-17,23.506666666666664
66848,2017-07-17,24.85
66849,2017-07-17,24.101666666666663
66850,2017-07-17,24.91
66851,2017-07-17,29.675
66852,2017-07-17,31.328333333333333
66853,2017-07-17,33.11166666666667
66854,2017-07-17,32.95166666666667
66855,2017-07-17,31.71166666666667
66856,2017-07-17,29.00333333333333
66857,2017-07-17,24.866666666666664
66858,2017-07-17,23.095
66859,2017-07-17,21.52
66860,2017-07-17,20.566666666666663
66861,2017-07-17,19.781666666666663
66862,2017-07-17,19.281666666666663
66863,2017-07-17,19.383333333333333
67128,2017-07-29,14.875
67129,2017-07-29,15.841666666666669
67130,2017-07-29,15.843333333333334
67131,2017-07-29,15.42
67132,2017-07-29,14.751666666666669
67133,2017-07-29,14.545
67134,2017-07-29,17.258333333333333
67135,2017-07-29,22.011666666666667
67136,2017-07-29,24.12
67137,2017-07-29,24.835
67138,2017-07-29,26.186666666666667
67139,2017-07-29,26.80666666666667
67140,2017-07-29,26.35333333333333
67141,2017-07-29,26.395
67142,2017-07-29,26.918333333333333
67143,2017-07-29,26.93
67144,2017-07-29,25.795
67145,2017-07-29,25.015
67146,2017-07-29,23.671666666666667
67147,2017-07-29,21.656666666666663
67148,2017-07-29,20.63
67149,2017-07-29,20.171666666666667
67150,2017-07-29,18.615
67151,2017-07-29,17.981666666666666
67680,2017-08-21,17.53833333333333
67681,2017-08-21,17.555
67682,2017-08-21,17.405
67683,2017-08-21,17.353333333333335
67684,2017-08-21,17.169999999999998
67685,2017-08-21,14.898333333333332
67686,2017-08-21,18.69333333333333
67687,2017-08-21,20.53333333333333
67688,2017-08-21,21.456666666666667
67689,2017-08-21,22.886666666666667
67690,2017-08-21,24.92833333333333
67691,2017-08-21,27.281666666666663
67692,2017-08-21,29.44833333333333
67693,2017-08-21,30.55333333333333
67694,2017-08-21,30.641666666666666
67695,2017-08-21,30.795
67696,2017-08-21,30.453333333333333
67697,2017-08-21,29.058333333333334
67698,2017-08-21,28.116666666666664
67699,2017-08-21,26.906666666666663
67700,2017-08-21,25.663333333333338
67701,2017-08-21,28.21666666666667
67702,2017-08-21,29.85666666666667
67703,2017-08-21,29.916666666666668
67824,2017-08-27,18.065
67825,2017-08-27,18.271666666666665
67826,2017-08-27,17.966666666666665
67827,2017-08-27,17.843333333333334
67828,2017-08-27,23.521666666666665
67829,2017-08-27,25.62
67830,2017-08-27,26.485
67831,2017-08-27,23.988333333333333
67832,2017-08-27,24.223333333333333
67833,2017-08-27,24.175
67834,2017-08-27,24.69333333333333
67835,2017-08-27,26.78
67836,2017-08-27,21.816666666666663
67837,2017-08-27,20.815
67838,2017-08-27,19.02833333333333
67839,2017-08-27,19.133333333333333
67840,2017-08-27,22.093333333333334
67841,2017-08-27,23.51
67842,2017-08-27,23.4
67843,2017-08-27,22.59166666666667
67844,2017-08-27,23.785
67845,2017-08-27,23.485
67846,2017-08-27,23.09
67847,2017-08-27,22.231666666666666
67992,2017-09-03,13.76
67993,2017-09-03,14.213333333333331
67994,2017-09-03,14.413333333333334
67995,2017-09-03,14.736666666666666
67996,2017-09-03,15.391666666666666
67997,2017-09-03,15.74
67998,2017-09-03,16.656666666666666
67999,2017-09-03,18.093333333333334
68000,2017-09-03,19.90333333333333
68001,2017-09-03,21.501666666666665
68002,2017-09-03,22.731666666666666
68003,2017-09-03,23.73333333333333
68004,2017-09-03,23.973333333333333
68005,2017-09-03,23.35333333333333
68006,2017-09-03,23.933333333333334
68007,2017-09-03,23.808333333333334
68008,2017-09-03,22.55
68009,2017-09-03,21.336666666666662
68010,2017-09-03,19.488333333333333
68011,2017-09-03,17.794999999999998
68012,2017-09-03,17.268333333333334
68013,2017-09-03,16.546666666666667
68014,2017-09-03,16.401666666666667
68015,2017-09-03,16.671666666666667
68400,2017-09-20,9.873333333333331
68401,2017-09-20,9.343333333333334
68402,2017-09-20,9.113333333333332
68403,2017-09-20,9.076666666666666
68404,2017-09-20,8.575000000000001
68405,2017-09-20,8.126666666666667
68406,2017-09-20,8.628333333333332
68407,2017-09-20,12.086666666666666
68408,2017-09-20,16.223333333333333
68409,2017-09-20,16.538333333333334
68410,2017-09-20,18.195
68411,2017-09-20,20.01
68412,2017-09-20,21.52833333333333
68413,2017-09-20,22.501666666666665
68414,2017-09-20,21.87
68415,2017-09-20,21.31
68416,2017-09-20,21.59166666666667
68417,2017-09-20,20.10333333333333
68418,2017-09-20,14.99
68419,2017-09-20,13.391666666666666
68420,2017-09-20,12.801666666666668
68421,2017-09-20,12.441666666666668
68422,2017-09-20,12.338333333333331
68423,2017-09-20,12.303333333333333
68544,2017-09-26,15.128333333333332
68545,2017-09-26,14.908333333333331
68546,2017-09-26,14.456666666666663
68547,2017-09-26,13.958333333333334
68548,2017-09-26,12.835
68549,2017-09-26,11.956666666666663
68550,2017-09-26,11.863333333333332
68551,2017-09-26,13.028333333333334
68552,2017-09-26,15.763333333333334
68553,2017-09-26,18.615
68554,2017-09-26,18.35
68555,2017-09-26,19.671666666666667
68556,2017-09-26,19.85333333333333
68557,2017-09-26,20.94
68558,2017-09-26,20.25
68559,2017-09-26,20.37
68560,2017-09-26,19.216666666666665
68561,2017-09-26,18.016666666666666
68562,2017-09-26,15.668333333333337
68563,2017-09-26,13.745
68564,2017-09-26,14.338333333333331
68565,2017-09-26,14.685
68566,2017-09-26,12.825
68567,2017-09-26,12.605
